{"header" : {
  "design" : { "name" : "shift_reg32", "design state" : "Post-Layout" },
  "part" : { "family" : "SmartFusion2", "die" : "M2S010", "package" : "144 TQ", "voltage": "1.14 - 1.26 V", "speed": "STD", "operating range" : "0 - 85 C", "data state" : "Production" },
  "timing analysis" : { "analysis type" : "max", "operating conditions" : [ "BEST","TYPICAL","WORST"] } },
 "paths" : {
  "pathlist_header": ["Source Pin","Source Edge","Sink Pin","Sink Edge","Slack (ns)","Arrival (ns)","Required (ns)","Removal (ns)","Check Type","Minimum Period (ns)","External Check (ns)","Clock to Out (ns)","Skew (ns)","Clock Reconvergence Pessimism (ns)","Source Clock Insertion Delay (ns)","Sink Clock Insertion Delay (ns)","Source Clock","Source Clock Edge","Destination Clock","Destination Clock Edge","Logic Stage Count","Max Fanout","Clock Constraint (ns)","Input Delay Constraint (ns)","Output Delay Constraint (ns)","Max Delay Constraint (ns)","Multicycle Constraint","Source Clock Latency Constraint","Destination Clock Latency Constraint","Source Minimum Period (ns)","Destination Minimum Period (ns)","Required External Setup (ns)","Required Max Clock to Out (ns)","Operating Conditions","arrival_steps","required_steps"],
  "steps_header": ["Pin Name","Edge","Type","Cell Name","Net Name","Op","Delay (ns)","Total (ns)","Fanout"],
  "data" : [
     ["Q_int[30]:CLK","R","Q_int[31]:D","R","0.639","3.575","4.214","0.298","Setup","1.028","","3.575","0.017","","2.862","2.845","CLK","Rising","CLK","Rising","0","","1.667","","","","","","","1.667","1.667","","",2,
      [["Data arrival time calculation","","","","","","","",""],
       ["CLK","","","","","","0.000","0.000",""],
       ["CLK","r","Clock source","","","+","0.000","0.000",""],
       ["CLK_ibuf/U0/U_IOPAD:PAD","r","net","","CLK","+","0.000","0.000",""],
       ["CLK_ibuf/U0/U_IOPAD:Y","r","cell","ADLIB:IOPAD_IN","","+","1.497","1.497","2"],
       ["CLK_ibuf_RNIVQ04:An","f","net","","CLK_ibuf_Z","+","0.063","1.560",""],
       ["CLK_ibuf_RNIVQ04:YSn","f","cell","ADLIB:GB","","+","0.101","1.661","2"],
       ["CLK_ibuf_RNIVQ04/U0_RGB1_RGB0:An","f","net","","CLK_ibuf_RNIVQ04/U0_YNn_GSouth","+","0.342","2.003",""],
       ["CLK_ibuf_RNIVQ04/U0_RGB1_RGB0:YR","r","cell","ADLIB:RGB","","+","0.295","2.298","9"],
       ["Q_int[30]:CLK","r","net","","CLK_ibuf_RNIVQ04/U0_RGB1_RGB0_rgbr_net_1","+","0.564","2.862",""],
       ["Q_int[30]:Q","r","cell","ADLIB:SLE","","+","0.102","2.964","2"],
       ["Q_int[31]:D","r","net","","Q_c[30]","+","0.611","3.575",""],
       ["data arrival time","","","","","","","3.575",""]],
      [["Data required time calculation","","","","","","","",""],
       ["CLK","","Clock Constraint","","","","1.667","1.667",""],
       ["CLK","r","Clock source","","","+","0.000","1.667",""],
       ["CLK_ibuf/U0/U_IOPAD:PAD","r","net","","CLK","+","0.000","1.667",""],
       ["CLK_ibuf/U0/U_IOPAD:Y","r","cell","ADLIB:IOPAD_IN","","+","1.497","3.164","2"],
       ["CLK_ibuf_RNIVQ04:An","f","net","","CLK_ibuf_Z","+","0.063","3.227",""],
       ["CLK_ibuf_RNIVQ04:YSn","f","cell","ADLIB:GB","","+","0.101","3.328","2"],
       ["CLK_ibuf_RNIVQ04/U0_RGB1_RGB0:An","f","net","","CLK_ibuf_RNIVQ04/U0_YNn_GSouth","+","0.342","3.670",""],
       ["CLK_ibuf_RNIVQ04/U0_RGB1_RGB0:YR","r","cell","ADLIB:RGB","","+","0.295","3.965","9"],
       ["Q_int[31]:CLK","r","net","","CLK_ibuf_RNIVQ04/U0_RGB1_RGB0_rgbr_net_1","+","0.547","4.512",""],
       ["Q_int[31]:D","","Library setup time","ADLIB:SLE","","-","0.298","4.214",""],
       ["data required time","","","","","","","4.214",""]]],
     ["Q_int[22]:CLK","R","Q_int[23]:D","R","0.647","3.578","4.225","0.298","Setup","1.020","","3.578","0.020","","2.876","2.856","CLK","Rising","CLK","Rising","0","","1.667","","","","","","","1.667","1.667","","",2,
      [["Data arrival time calculation","","","","","","","",""],
       ["CLK","","","","","","0.000","0.000",""],
       ["CLK","r","Clock source","","","+","0.000","0.000",""],
       ["CLK_ibuf/U0/U_IOPAD:PAD","r","net","","CLK","+","0.000","0.000",""],
       ["CLK_ibuf/U0/U_IOPAD:Y","r","cell","ADLIB:IOPAD_IN","","+","1.497","1.497","2"],
       ["CLK_ibuf_RNIVQ04:An","f","net","","CLK_ibuf_Z","+","0.063","1.560",""],
       ["CLK_ibuf_RNIVQ04:YSn","f","cell","ADLIB:GB","","+","0.101","1.661","2"],
       ["CLK_ibuf_RNIVQ04/U0_RGB1:An","f","net","","CLK_ibuf_RNIVQ04/U0_YNn_GSouth","+","0.341","2.002",""],
       ["CLK_ibuf_RNIVQ04/U0_RGB1:YR","r","cell","ADLIB:RGB","","+","0.295","2.297","23"],
       ["Q_int[22]:CLK","r","net","","CLK_ibuf_RNIVQ04/U0_RGB1_YR","+","0.579","2.876",""],
       ["Q_int[22]:Q","r","cell","ADLIB:SLE","","+","0.102","2.978","2"],
       ["Q_int[23]:D","r","net","","Q_c[22]","+","0.600","3.578",""],
       ["data arrival time","","","","","","","3.578",""]],
      [["Data required time calculation","","","","","","","",""],
       ["CLK","","Clock Constraint","","","","1.667","1.667",""],
       ["CLK","r","Clock source","","","+","0.000","1.667",""],
       ["CLK_ibuf/U0/U_IOPAD:PAD","r","net","","CLK","+","0.000","1.667",""],
       ["CLK_ibuf/U0/U_IOPAD:Y","r","cell","ADLIB:IOPAD_IN","","+","1.497","3.164","2"],
       ["CLK_ibuf_RNIVQ04:An","f","net","","CLK_ibuf_Z","+","0.063","3.227",""],
       ["CLK_ibuf_RNIVQ04:YSn","f","cell","ADLIB:GB","","+","0.101","3.328","2"],
       ["CLK_ibuf_RNIVQ04/U0_RGB1_RGB0:An","f","net","","CLK_ibuf_RNIVQ04/U0_YNn_GSouth","+","0.342","3.670",""],
       ["CLK_ibuf_RNIVQ04/U0_RGB1_RGB0:YR","r","cell","ADLIB:RGB","","+","0.295","3.965","9"],
       ["Q_int[23]:CLK","r","net","","CLK_ibuf_RNIVQ04/U0_RGB1_RGB0_rgbr_net_1","+","0.558","4.523",""],
       ["Q_int[23]:D","","Library setup time","ADLIB:SLE","","-","0.298","4.225",""],
       ["data required time","","","","","","","4.225",""]]],
     ["Q_int[10]:CLK","R","Q_int[11]:D","R","0.648","3.580","4.228","0.298","Setup","1.019","","3.580","0.013","","2.872","2.859","CLK","Rising","CLK","Rising","0","","1.667","","","","","","","1.667","1.667","","",2,
      [["Data arrival time calculation","","","","","","","",""],
       ["CLK","","","","","","0.000","0.000",""],
       ["CLK","r","Clock source","","","+","0.000","0.000",""],
       ["CLK_ibuf/U0/U_IOPAD:PAD","r","net","","CLK","+","0.000","0.000",""],
       ["CLK_ibuf/U0/U_IOPAD:Y","r","cell","ADLIB:IOPAD_IN","","+","1.497","1.497","2"],
       ["CLK_ibuf_RNIVQ04:An","f","net","","CLK_ibuf_Z","+","0.063","1.560",""],
       ["CLK_ibuf_RNIVQ04:YSn","f","cell","ADLIB:GB","","+","0.101","1.661","2"],
       ["CLK_ibuf_RNIVQ04/U0_RGB1:An","f","net","","CLK_ibuf_RNIVQ04/U0_YNn_GSouth","+","0.341","2.002",""],
       ["CLK_ibuf_RNIVQ04/U0_RGB1:YR","r","cell","ADLIB:RGB","","+","0.295","2.297","23"],
       ["Q_int[10]:CLK","r","net","","CLK_ibuf_RNIVQ04/U0_RGB1_YR","+","0.575","2.872",""],
       ["Q_int[10]:Q","r","cell","ADLIB:SLE","","+","0.102","2.974","2"],
       ["Q_int[11]:D","r","net","","Q_c[10]","+","0.606","3.580",""],
       ["data arrival time","","","","","","","3.580",""]],
      [["Data required time calculation","","","","","","","",""],
       ["CLK","","Clock Constraint","","","","1.667","1.667",""],
       ["CLK","r","Clock source","","","+","0.000","1.667",""],
       ["CLK_ibuf/U0/U_IOPAD:PAD","r","net","","CLK","+","0.000","1.667",""],
       ["CLK_ibuf/U0/U_IOPAD:Y","r","cell","ADLIB:IOPAD_IN","","+","1.497","3.164","2"],
       ["CLK_ibuf_RNIVQ04:An","f","net","","CLK_ibuf_Z","+","0.063","3.227",""],
       ["CLK_ibuf_RNIVQ04:YSn","f","cell","ADLIB:GB","","+","0.101","3.328","2"],
       ["CLK_ibuf_RNIVQ04/U0_RGB1:An","f","net","","CLK_ibuf_RNIVQ04/U0_YNn_GSouth","+","0.341","3.669",""],
       ["CLK_ibuf_RNIVQ04/U0_RGB1:YR","r","cell","ADLIB:RGB","","+","0.295","3.964","23"],
       ["Q_int[11]:CLK","r","net","","CLK_ibuf_RNIVQ04/U0_RGB1_YR","+","0.562","4.526",""],
       ["Q_int[11]:D","","Library setup time","ADLIB:SLE","","-","0.298","4.228",""],
       ["data required time","","","","","","","4.228",""]]],
     ["Q_int[6]:CLK","R","Q_int[7]:D","R","0.651","3.573","4.224","0.298","Setup","1.016","","3.573","0.017","","2.872","2.855","CLK","Rising","CLK","Rising","0","","1.667","","","","","","","1.667","1.667","","",2,
      [["Data arrival time calculation","","","","","","","",""],
       ["CLK","","","","","","0.000","0.000",""],
       ["CLK","r","Clock source","","","+","0.000","0.000",""],
       ["CLK_ibuf/U0/U_IOPAD:PAD","r","net","","CLK","+","0.000","0.000",""],
       ["CLK_ibuf/U0/U_IOPAD:Y","r","cell","ADLIB:IOPAD_IN","","+","1.497","1.497","2"],
       ["CLK_ibuf_RNIVQ04:An","f","net","","CLK_ibuf_Z","+","0.063","1.560",""],
       ["CLK_ibuf_RNIVQ04:YSn","f","cell","ADLIB:GB","","+","0.101","1.661","2"],
       ["CLK_ibuf_RNIVQ04/U0_RGB1:An","f","net","","CLK_ibuf_RNIVQ04/U0_YNn_GSouth","+","0.341","2.002",""],
       ["CLK_ibuf_RNIVQ04/U0_RGB1:YR","r","cell","ADLIB:RGB","","+","0.295","2.297","23"],
       ["Q_int[6]:CLK","r","net","","CLK_ibuf_RNIVQ04/U0_RGB1_YR","+","0.575","2.872",""],
       ["Q_int[6]:Q","r","cell","ADLIB:SLE","","+","0.102","2.974","2"],
       ["Q_int[7]:D","r","net","","Q_c[6]","+","0.599","3.573",""],
       ["data arrival time","","","","","","","3.573",""]],
      [["Data required time calculation","","","","","","","",""],
       ["CLK","","Clock Constraint","","","","1.667","1.667",""],
       ["CLK","r","Clock source","","","+","0.000","1.667",""],
       ["CLK_ibuf/U0/U_IOPAD:PAD","r","net","","CLK","+","0.000","1.667",""],
       ["CLK_ibuf/U0/U_IOPAD:Y","r","cell","ADLIB:IOPAD_IN","","+","1.497","3.164","2"],
       ["CLK_ibuf_RNIVQ04:An","f","net","","CLK_ibuf_Z","+","0.063","3.227",""],
       ["CLK_ibuf_RNIVQ04:YSn","f","cell","ADLIB:GB","","+","0.101","3.328","2"],
       ["CLK_ibuf_RNIVQ04/U0_RGB1:An","f","net","","CLK_ibuf_RNIVQ04/U0_YNn_GSouth","+","0.341","3.669",""],
       ["CLK_ibuf_RNIVQ04/U0_RGB1:YR","r","cell","ADLIB:RGB","","+","0.295","3.964","23"],
       ["Q_int[7]:CLK","r","net","","CLK_ibuf_RNIVQ04/U0_RGB1_YR","+","0.558","4.522",""],
       ["Q_int[7]:D","","Library setup time","ADLIB:SLE","","-","0.298","4.224",""],
       ["data required time","","","","","","","4.224",""]]],
     ["Q_int[16]:CLK","R","Q_int[17]:D","R","0.663","3.579","4.242","0.298","Setup","1.004","","3.579","0.003","","2.876","2.873","CLK","Rising","CLK","Rising","0","","1.667","","","","","","","1.667","1.667","","",2,
      [["Data arrival time calculation","","","","","","","",""],
       ["CLK","","","","","","0.000","0.000",""],
       ["CLK","r","Clock source","","","+","0.000","0.000",""],
       ["CLK_ibuf/U0/U_IOPAD:PAD","r","net","","CLK","+","0.000","0.000",""],
       ["CLK_ibuf/U0/U_IOPAD:Y","r","cell","ADLIB:IOPAD_IN","","+","1.497","1.497","2"],
       ["CLK_ibuf_RNIVQ04:An","f","net","","CLK_ibuf_Z","+","0.063","1.560",""],
       ["CLK_ibuf_RNIVQ04:YSn","f","cell","ADLIB:GB","","+","0.101","1.661","2"],
       ["CLK_ibuf_RNIVQ04/U0_RGB1:An","f","net","","CLK_ibuf_RNIVQ04/U0_YNn_GSouth","+","0.341","2.002",""],
       ["CLK_ibuf_RNIVQ04/U0_RGB1:YR","r","cell","ADLIB:RGB","","+","0.295","2.297","23"],
       ["Q_int[16]:CLK","r","net","","CLK_ibuf_RNIVQ04/U0_RGB1_YR","+","0.579","2.876",""],
       ["Q_int[16]:Q","r","cell","ADLIB:SLE","","+","0.102","2.978","2"],
       ["Q_int[17]:D","r","net","","Q_c[16]","+","0.601","3.579",""],
       ["data arrival time","","","","","","","3.579",""]],
      [["Data required time calculation","","","","","","","",""],
       ["CLK","","Clock Constraint","","","","1.667","1.667",""],
       ["CLK","r","Clock source","","","+","0.000","1.667",""],
       ["CLK_ibuf/U0/U_IOPAD:PAD","r","net","","CLK","+","0.000","1.667",""],
       ["CLK_ibuf/U0/U_IOPAD:Y","r","cell","ADLIB:IOPAD_IN","","+","1.497","3.164","2"],
       ["CLK_ibuf_RNIVQ04:An","f","net","","CLK_ibuf_Z","+","0.063","3.227",""],
       ["CLK_ibuf_RNIVQ04:YSn","f","cell","ADLIB:GB","","+","0.101","3.328","2"],
       ["CLK_ibuf_RNIVQ04/U0_RGB1:An","f","net","","CLK_ibuf_RNIVQ04/U0_YNn_GSouth","+","0.341","3.669",""],
       ["CLK_ibuf_RNIVQ04/U0_RGB1:YR","r","cell","ADLIB:RGB","","+","0.295","3.964","23"],
       ["Q_int[17]:CLK","r","net","","CLK_ibuf_RNIVQ04/U0_RGB1_YR","+","0.576","4.540",""],
       ["Q_int[17]:D","","Library setup time","ADLIB:SLE","","-","0.298","4.242",""],
       ["data required time","","","","","","","4.242",""]]],
     ["Q_int[9]:CLK","R","Q_int[10]:D","R","0.760","3.464","4.224","0.298","Setup","0.907","","3.464","0.031","","2.886","2.855","CLK","Rising","CLK","Rising","0","","1.667","","","","","","","1.667","1.667","","",2,
      [["Data arrival time calculation","","","","","","","",""],
       ["CLK","","","","","","0.000","0.000",""],
       ["CLK","r","Clock source","","","+","0.000","0.000",""],
       ["CLK_ibuf/U0/U_IOPAD:PAD","r","net","","CLK","+","0.000","0.000",""],
       ["CLK_ibuf/U0/U_IOPAD:Y","r","cell","ADLIB:IOPAD_IN","","+","1.497","1.497","2"],
       ["CLK_ibuf_RNIVQ04:An","f","net","","CLK_ibuf_Z","+","0.063","1.560",""],
       ["CLK_ibuf_RNIVQ04:YSn","f","cell","ADLIB:GB","","+","0.101","1.661","2"],
       ["CLK_ibuf_RNIVQ04/U0_RGB1:An","f","net","","CLK_ibuf_RNIVQ04/U0_YNn_GSouth","+","0.341","2.002",""],
       ["CLK_ibuf_RNIVQ04/U0_RGB1:YR","r","cell","ADLIB:RGB","","+","0.295","2.297","23"],
       ["Q_int[9]:CLK","r","net","","CLK_ibuf_RNIVQ04/U0_RGB1_YR","+","0.589","2.886",""],
       ["Q_int[9]:Q","r","cell","ADLIB:SLE","","+","0.102","2.988","2"],
       ["Q_int[10]:D","r","net","","Q_c[9]","+","0.476","3.464",""],
       ["data arrival time","","","","","","","3.464",""]],
      [["Data required time calculation","","","","","","","",""],
       ["CLK","","Clock Constraint","","","","1.667","1.667",""],
       ["CLK","r","Clock source","","","+","0.000","1.667",""],
       ["CLK_ibuf/U0/U_IOPAD:PAD","r","net","","CLK","+","0.000","1.667",""],
       ["CLK_ibuf/U0/U_IOPAD:Y","r","cell","ADLIB:IOPAD_IN","","+","1.497","3.164","2"],
       ["CLK_ibuf_RNIVQ04:An","f","net","","CLK_ibuf_Z","+","0.063","3.227",""],
       ["CLK_ibuf_RNIVQ04:YSn","f","cell","ADLIB:GB","","+","0.101","3.328","2"],
       ["CLK_ibuf_RNIVQ04/U0_RGB1:An","f","net","","CLK_ibuf_RNIVQ04/U0_YNn_GSouth","+","0.341","3.669",""],
       ["CLK_ibuf_RNIVQ04/U0_RGB1:YR","r","cell","ADLIB:RGB","","+","0.295","3.964","23"],
       ["Q_int[10]:CLK","r","net","","CLK_ibuf_RNIVQ04/U0_RGB1_YR","+","0.558","4.522",""],
       ["Q_int[10]:D","","Library setup time","ADLIB:SLE","","-","0.298","4.224",""],
       ["data required time","","","","","","","4.224",""]]],
     ["Q_int[21]:CLK","R","Q_int[22]:D","R","0.766","3.462","4.228","0.298","Setup","0.901","","3.462","0.031","","2.890","2.859","CLK","Rising","CLK","Rising","0","","1.667","","","","","","","1.667","1.667","","",2,
      [["Data arrival time calculation","","","","","","","",""],
       ["CLK","","","","","","0.000","0.000",""],
       ["CLK","r","Clock source","","","+","0.000","0.000",""],
       ["CLK_ibuf/U0/U_IOPAD:PAD","r","net","","CLK","+","0.000","0.000",""],
       ["CLK_ibuf/U0/U_IOPAD:Y","r","cell","ADLIB:IOPAD_IN","","+","1.497","1.497","2"],
       ["CLK_ibuf_RNIVQ04:An","f","net","","CLK_ibuf_Z","+","0.063","1.560",""],
       ["CLK_ibuf_RNIVQ04:YSn","f","cell","ADLIB:GB","","+","0.101","1.661","2"],
       ["CLK_ibuf_RNIVQ04/U0_RGB1:An","f","net","","CLK_ibuf_RNIVQ04/U0_YNn_GSouth","+","0.341","2.002",""],
       ["CLK_ibuf_RNIVQ04/U0_RGB1:YR","r","cell","ADLIB:RGB","","+","0.295","2.297","23"],
       ["Q_int[21]:CLK","r","net","","CLK_ibuf_RNIVQ04/U0_RGB1_YR","+","0.593","2.890",""],
       ["Q_int[21]:Q","r","cell","ADLIB:SLE","","+","0.102","2.992","2"],
       ["Q_int[22]:D","r","net","","Q_c[21]","+","0.470","3.462",""],
       ["data arrival time","","","","","","","3.462",""]],
      [["Data required time calculation","","","","","","","",""],
       ["CLK","","Clock Constraint","","","","1.667","1.667",""],
       ["CLK","r","Clock source","","","+","0.000","1.667",""],
       ["CLK_ibuf/U0/U_IOPAD:PAD","r","net","","CLK","+","0.000","1.667",""],
       ["CLK_ibuf/U0/U_IOPAD:Y","r","cell","ADLIB:IOPAD_IN","","+","1.497","3.164","2"],
       ["CLK_ibuf_RNIVQ04:An","f","net","","CLK_ibuf_Z","+","0.063","3.227",""],
       ["CLK_ibuf_RNIVQ04:YSn","f","cell","ADLIB:GB","","+","0.101","3.328","2"],
       ["CLK_ibuf_RNIVQ04/U0_RGB1:An","f","net","","CLK_ibuf_RNIVQ04/U0_YNn_GSouth","+","0.341","3.669",""],
       ["CLK_ibuf_RNIVQ04/U0_RGB1:YR","r","cell","ADLIB:RGB","","+","0.295","3.964","23"],
       ["Q_int[22]:CLK","r","net","","CLK_ibuf_RNIVQ04/U0_RGB1_YR","+","0.562","4.526",""],
       ["Q_int[22]:D","","Library setup time","ADLIB:SLE","","-","0.298","4.228",""],
       ["data required time","","","","","","","4.228",""]]],
     ["Q_int[29]:CLK","R","Q_int[30]:D","R","0.769","3.445","4.214","0.298","Setup","0.898","","3.445","0.028","","2.873","2.845","CLK","Rising","CLK","Rising","0","","1.667","","","","","","","1.667","1.667","","",2,
      [["Data arrival time calculation","","","","","","","",""],
       ["CLK","","","","","","0.000","0.000",""],
       ["CLK","r","Clock source","","","+","0.000","0.000",""],
       ["CLK_ibuf/U0/U_IOPAD:PAD","r","net","","CLK","+","0.000","0.000",""],
       ["CLK_ibuf/U0/U_IOPAD:Y","r","cell","ADLIB:IOPAD_IN","","+","1.497","1.497","2"],
       ["CLK_ibuf_RNIVQ04:An","f","net","","CLK_ibuf_Z","+","0.063","1.560",""],
       ["CLK_ibuf_RNIVQ04:YSn","f","cell","ADLIB:GB","","+","0.101","1.661","2"],
       ["CLK_ibuf_RNIVQ04/U0_RGB1_RGB0:An","f","net","","CLK_ibuf_RNIVQ04/U0_YNn_GSouth","+","0.342","2.003",""],
       ["CLK_ibuf_RNIVQ04/U0_RGB1_RGB0:YR","r","cell","ADLIB:RGB","","+","0.295","2.298","9"],
       ["Q_int[29]:CLK","r","net","","CLK_ibuf_RNIVQ04/U0_RGB1_RGB0_rgbr_net_1","+","0.575","2.873",""],
       ["Q_int[29]:Q","r","cell","ADLIB:SLE","","+","0.102","2.975","2"],
       ["Q_int[30]:D","r","net","","Q_c[29]","+","0.470","3.445",""],
       ["data arrival time","","","","","","","3.445",""]],
      [["Data required time calculation","","","","","","","",""],
       ["CLK","","Clock Constraint","","","","1.667","1.667",""],
       ["CLK","r","Clock source","","","+","0.000","1.667",""],
       ["CLK_ibuf/U0/U_IOPAD:PAD","r","net","","CLK","+","0.000","1.667",""],
       ["CLK_ibuf/U0/U_IOPAD:Y","r","cell","ADLIB:IOPAD_IN","","+","1.497","3.164","2"],
       ["CLK_ibuf_RNIVQ04:An","f","net","","CLK_ibuf_Z","+","0.063","3.227",""],
       ["CLK_ibuf_RNIVQ04:YSn","f","cell","ADLIB:GB","","+","0.101","3.328","2"],
       ["CLK_ibuf_RNIVQ04/U0_RGB1_RGB0:An","f","net","","CLK_ibuf_RNIVQ04/U0_YNn_GSouth","+","0.342","3.670",""],
       ["CLK_ibuf_RNIVQ04/U0_RGB1_RGB0:YR","r","cell","ADLIB:RGB","","+","0.295","3.965","9"],
       ["Q_int[30]:CLK","r","net","","CLK_ibuf_RNIVQ04/U0_RGB1_RGB0_rgbr_net_1","+","0.547","4.512",""],
       ["Q_int[30]:D","","Library setup time","ADLIB:SLE","","-","0.298","4.214",""],
       ["data required time","","","","","","","4.214",""]]],
     ["Q_int[15]:CLK","R","Q_int[16]:D","R","0.769","3.459","4.228","0.298","Setup","0.898","","3.459","0.032","","2.891","2.859","CLK","Rising","CLK","Rising","0","","1.667","","","","","","","1.667","1.667","","",2,
      [["Data arrival time calculation","","","","","","","",""],
       ["CLK","","","","","","0.000","0.000",""],
       ["CLK","r","Clock source","","","+","0.000","0.000",""],
       ["CLK_ibuf/U0/U_IOPAD:PAD","r","net","","CLK","+","0.000","0.000",""],
       ["CLK_ibuf/U0/U_IOPAD:Y","r","cell","ADLIB:IOPAD_IN","","+","1.497","1.497","2"],
       ["CLK_ibuf_RNIVQ04:An","f","net","","CLK_ibuf_Z","+","0.063","1.560",""],
       ["CLK_ibuf_RNIVQ04:YSn","f","cell","ADLIB:GB","","+","0.101","1.661","2"],
       ["CLK_ibuf_RNIVQ04/U0_RGB1:An","f","net","","CLK_ibuf_RNIVQ04/U0_YNn_GSouth","+","0.341","2.002",""],
       ["CLK_ibuf_RNIVQ04/U0_RGB1:YR","r","cell","ADLIB:RGB","","+","0.295","2.297","23"],
       ["Q_int[15]:CLK","r","net","","CLK_ibuf_RNIVQ04/U0_RGB1_YR","+","0.594","2.891",""],
       ["Q_int[15]:Q","r","cell","ADLIB:SLE","","+","0.102","2.993","2"],
       ["Q_int[16]:D","r","net","","Q_c[15]","+","0.466","3.459",""],
       ["data arrival time","","","","","","","3.459",""]],
      [["Data required time calculation","","","","","","","",""],
       ["CLK","","Clock Constraint","","","","1.667","1.667",""],
       ["CLK","r","Clock source","","","+","0.000","1.667",""],
       ["CLK_ibuf/U0/U_IOPAD:PAD","r","net","","CLK","+","0.000","1.667",""],
       ["CLK_ibuf/U0/U_IOPAD:Y","r","cell","ADLIB:IOPAD_IN","","+","1.497","3.164","2"],
       ["CLK_ibuf_RNIVQ04:An","f","net","","CLK_ibuf_Z","+","0.063","3.227",""],
       ["CLK_ibuf_RNIVQ04:YSn","f","cell","ADLIB:GB","","+","0.101","3.328","2"],
       ["CLK_ibuf_RNIVQ04/U0_RGB1:An","f","net","","CLK_ibuf_RNIVQ04/U0_YNn_GSouth","+","0.341","3.669",""],
       ["CLK_ibuf_RNIVQ04/U0_RGB1:YR","r","cell","ADLIB:RGB","","+","0.295","3.964","23"],
       ["Q_int[16]:CLK","r","net","","CLK_ibuf_RNIVQ04/U0_RGB1_YR","+","0.562","4.526",""],
       ["Q_int[16]:D","","Library setup time","ADLIB:SLE","","-","0.298","4.228",""],
       ["data required time","","","","","","","4.228",""]]],
     ["Q_int[3]:CLK","R","Q_int[4]:D","R","0.770","3.454","4.224","0.298","Setup","0.897","","3.454","0.031","","2.886","2.855","CLK","Rising","CLK","Rising","0","","1.667","","","","","","","1.667","1.667","","",2,
      [["Data arrival time calculation","","","","","","","",""],
       ["CLK","","","","","","0.000","0.000",""],
       ["CLK","r","Clock source","","","+","0.000","0.000",""],
       ["CLK_ibuf/U0/U_IOPAD:PAD","r","net","","CLK","+","0.000","0.000",""],
       ["CLK_ibuf/U0/U_IOPAD:Y","r","cell","ADLIB:IOPAD_IN","","+","1.497","1.497","2"],
       ["CLK_ibuf_RNIVQ04:An","f","net","","CLK_ibuf_Z","+","0.063","1.560",""],
       ["CLK_ibuf_RNIVQ04:YSn","f","cell","ADLIB:GB","","+","0.101","1.661","2"],
       ["CLK_ibuf_RNIVQ04/U0_RGB1:An","f","net","","CLK_ibuf_RNIVQ04/U0_YNn_GSouth","+","0.341","2.002",""],
       ["CLK_ibuf_RNIVQ04/U0_RGB1:YR","r","cell","ADLIB:RGB","","+","0.295","2.297","23"],
       ["Q_int[3]:CLK","r","net","","CLK_ibuf_RNIVQ04/U0_RGB1_YR","+","0.589","2.886",""],
       ["Q_int[3]:Q","r","cell","ADLIB:SLE","","+","0.102","2.988","2"],
       ["Q_int[4]:D","r","net","","Q_c[3]","+","0.466","3.454",""],
       ["data arrival time","","","","","","","3.454",""]],
      [["Data required time calculation","","","","","","","",""],
       ["CLK","","Clock Constraint","","","","1.667","1.667",""],
       ["CLK","r","Clock source","","","+","0.000","1.667",""],
       ["CLK_ibuf/U0/U_IOPAD:PAD","r","net","","CLK","+","0.000","1.667",""],
       ["CLK_ibuf/U0/U_IOPAD:Y","r","cell","ADLIB:IOPAD_IN","","+","1.497","3.164","2"],
       ["CLK_ibuf_RNIVQ04:An","f","net","","CLK_ibuf_Z","+","0.063","3.227",""],
       ["CLK_ibuf_RNIVQ04:YSn","f","cell","ADLIB:GB","","+","0.101","3.328","2"],
       ["CLK_ibuf_RNIVQ04/U0_RGB1:An","f","net","","CLK_ibuf_RNIVQ04/U0_YNn_GSouth","+","0.341","3.669",""],
       ["CLK_ibuf_RNIVQ04/U0_RGB1:YR","r","cell","ADLIB:RGB","","+","0.295","3.964","23"],
       ["Q_int[4]:CLK","r","net","","CLK_ibuf_RNIVQ04/U0_RGB1_YR","+","0.558","4.522",""],
       ["Q_int[4]:D","","Library setup time","ADLIB:SLE","","-","0.298","4.224",""],
       ["data required time","","","","","","","4.224",""]]],
     ["Q_int[13]:CLK","R","Q_int[14]:D","R","0.770","3.458","4.228","0.298","Setup","0.897","","3.458","0.017","","2.876","2.859","CLK","Rising","CLK","Rising","0","","1.667","","","","","","","1.667","1.667","","",2,
      [["Data arrival time calculation","","","","","","","",""],
       ["CLK","","","","","","0.000","0.000",""],
       ["CLK","r","Clock source","","","+","0.000","0.000",""],
       ["CLK_ibuf/U0/U_IOPAD:PAD","r","net","","CLK","+","0.000","0.000",""],
       ["CLK_ibuf/U0/U_IOPAD:Y","r","cell","ADLIB:IOPAD_IN","","+","1.497","1.497","2"],
       ["CLK_ibuf_RNIVQ04:An","f","net","","CLK_ibuf_Z","+","0.063","1.560",""],
       ["CLK_ibuf_RNIVQ04:YSn","f","cell","ADLIB:GB","","+","0.101","1.661","2"],
       ["CLK_ibuf_RNIVQ04/U0_RGB1:An","f","net","","CLK_ibuf_RNIVQ04/U0_YNn_GSouth","+","0.341","2.002",""],
       ["CLK_ibuf_RNIVQ04/U0_RGB1:YR","r","cell","ADLIB:RGB","","+","0.295","2.297","23"],
       ["Q_int[13]:CLK","r","net","","CLK_ibuf_RNIVQ04/U0_RGB1_YR","+","0.579","2.876",""],
       ["Q_int[13]:Q","r","cell","ADLIB:SLE","","+","0.102","2.978","2"],
       ["Q_int[14]:D","r","net","","Q_c[13]","+","0.480","3.458",""],
       ["data arrival time","","","","","","","3.458",""]],
      [["Data required time calculation","","","","","","","",""],
       ["CLK","","Clock Constraint","","","","1.667","1.667",""],
       ["CLK","r","Clock source","","","+","0.000","1.667",""],
       ["CLK_ibuf/U0/U_IOPAD:PAD","r","net","","CLK","+","0.000","1.667",""],
       ["CLK_ibuf/U0/U_IOPAD:Y","r","cell","ADLIB:IOPAD_IN","","+","1.497","3.164","2"],
       ["CLK_ibuf_RNIVQ04:An","f","net","","CLK_ibuf_Z","+","0.063","3.227",""],
       ["CLK_ibuf_RNIVQ04:YSn","f","cell","ADLIB:GB","","+","0.101","3.328","2"],
       ["CLK_ibuf_RNIVQ04/U0_RGB1:An","f","net","","CLK_ibuf_RNIVQ04/U0_YNn_GSouth","+","0.341","3.669",""],
       ["CLK_ibuf_RNIVQ04/U0_RGB1:YR","r","cell","ADLIB:RGB","","+","0.295","3.964","23"],
       ["Q_int[14]:CLK","r","net","","CLK_ibuf_RNIVQ04/U0_RGB1_YR","+","0.562","4.526",""],
       ["Q_int[14]:D","","Library setup time","ADLIB:SLE","","-","0.298","4.228",""],
       ["data required time","","","","","","","4.228",""]]],
     ["Q_int[27]:CLK","R","Q_int[28]:D","R","0.771","3.443","4.214","0.298","Setup","0.896","","3.443","0.017","","2.862","2.845","CLK","Rising","CLK","Rising","0","","1.667","","","","","","","1.667","1.667","","",2,
      [["Data arrival time calculation","","","","","","","",""],
       ["CLK","","","","","","0.000","0.000",""],
       ["CLK","r","Clock source","","","+","0.000","0.000",""],
       ["CLK_ibuf/U0/U_IOPAD:PAD","r","net","","CLK","+","0.000","0.000",""],
       ["CLK_ibuf/U0/U_IOPAD:Y","r","cell","ADLIB:IOPAD_IN","","+","1.497","1.497","2"],
       ["CLK_ibuf_RNIVQ04:An","f","net","","CLK_ibuf_Z","+","0.063","1.560",""],
       ["CLK_ibuf_RNIVQ04:YSn","f","cell","ADLIB:GB","","+","0.101","1.661","2"],
       ["CLK_ibuf_RNIVQ04/U0_RGB1_RGB0:An","f","net","","CLK_ibuf_RNIVQ04/U0_YNn_GSouth","+","0.342","2.003",""],
       ["CLK_ibuf_RNIVQ04/U0_RGB1_RGB0:YR","r","cell","ADLIB:RGB","","+","0.295","2.298","9"],
       ["Q_int[27]:CLK","r","net","","CLK_ibuf_RNIVQ04/U0_RGB1_RGB0_rgbr_net_1","+","0.564","2.862",""],
       ["Q_int[27]:Q","r","cell","ADLIB:SLE","","+","0.102","2.964","2"],
       ["Q_int[28]:D","r","net","","Q_c[27]","+","0.479","3.443",""],
       ["data arrival time","","","","","","","3.443",""]],
      [["Data required time calculation","","","","","","","",""],
       ["CLK","","Clock Constraint","","","","1.667","1.667",""],
       ["CLK","r","Clock source","","","+","0.000","1.667",""],
       ["CLK_ibuf/U0/U_IOPAD:PAD","r","net","","CLK","+","0.000","1.667",""],
       ["CLK_ibuf/U0/U_IOPAD:Y","r","cell","ADLIB:IOPAD_IN","","+","1.497","3.164","2"],
       ["CLK_ibuf_RNIVQ04:An","f","net","","CLK_ibuf_Z","+","0.063","3.227",""],
       ["CLK_ibuf_RNIVQ04:YSn","f","cell","ADLIB:GB","","+","0.101","3.328","2"],
       ["CLK_ibuf_RNIVQ04/U0_RGB1_RGB0:An","f","net","","CLK_ibuf_RNIVQ04/U0_YNn_GSouth","+","0.342","3.670",""],
       ["CLK_ibuf_RNIVQ04/U0_RGB1_RGB0:YR","r","cell","ADLIB:RGB","","+","0.295","3.965","9"],
       ["Q_int[28]:CLK","r","net","","CLK_ibuf_RNIVQ04/U0_RGB1_RGB0_rgbr_net_1","+","0.547","4.512",""],
       ["Q_int[28]:D","","Library setup time","ADLIB:SLE","","-","0.298","4.214",""],
       ["data required time","","","","","","","4.214",""]]],
     ["Q_int[25]:CLK","R","Q_int[26]:D","R","0.772","3.442","4.214","0.298","Setup","0.895","","3.442","0.028","","2.873","2.845","CLK","Rising","CLK","Rising","0","","1.667","","","","","","","1.667","1.667","","",2,
      [["Data arrival time calculation","","","","","","","",""],
       ["CLK","","","","","","0.000","0.000",""],
       ["CLK","r","Clock source","","","+","0.000","0.000",""],
       ["CLK_ibuf/U0/U_IOPAD:PAD","r","net","","CLK","+","0.000","0.000",""],
       ["CLK_ibuf/U0/U_IOPAD:Y","r","cell","ADLIB:IOPAD_IN","","+","1.497","1.497","2"],
       ["CLK_ibuf_RNIVQ04:An","f","net","","CLK_ibuf_Z","+","0.063","1.560",""],
       ["CLK_ibuf_RNIVQ04:YSn","f","cell","ADLIB:GB","","+","0.101","1.661","2"],
       ["CLK_ibuf_RNIVQ04/U0_RGB1_RGB0:An","f","net","","CLK_ibuf_RNIVQ04/U0_YNn_GSouth","+","0.342","2.003",""],
       ["CLK_ibuf_RNIVQ04/U0_RGB1_RGB0:YR","r","cell","ADLIB:RGB","","+","0.295","2.298","9"],
       ["Q_int[25]:CLK","r","net","","CLK_ibuf_RNIVQ04/U0_RGB1_RGB0_rgbr_net_1","+","0.575","2.873",""],
       ["Q_int[25]:Q","r","cell","ADLIB:SLE","","+","0.102","2.975","2"],
       ["Q_int[26]:D","r","net","","Q_c[25]","+","0.467","3.442",""],
       ["data arrival time","","","","","","","3.442",""]],
      [["Data required time calculation","","","","","","","",""],
       ["CLK","","Clock Constraint","","","","1.667","1.667",""],
       ["CLK","r","Clock source","","","+","0.000","1.667",""],
       ["CLK_ibuf/U0/U_IOPAD:PAD","r","net","","CLK","+","0.000","1.667",""],
       ["CLK_ibuf/U0/U_IOPAD:Y","r","cell","ADLIB:IOPAD_IN","","+","1.497","3.164","2"],
       ["CLK_ibuf_RNIVQ04:An","f","net","","CLK_ibuf_Z","+","0.063","3.227",""],
       ["CLK_ibuf_RNIVQ04:YSn","f","cell","ADLIB:GB","","+","0.101","3.328","2"],
       ["CLK_ibuf_RNIVQ04/U0_RGB1_RGB0:An","f","net","","CLK_ibuf_RNIVQ04/U0_YNn_GSouth","+","0.342","3.670",""],
       ["CLK_ibuf_RNIVQ04/U0_RGB1_RGB0:YR","r","cell","ADLIB:RGB","","+","0.295","3.965","9"],
       ["Q_int[26]:CLK","r","net","","CLK_ibuf_RNIVQ04/U0_RGB1_RGB0_rgbr_net_1","+","0.547","4.512",""],
       ["Q_int[26]:D","","Library setup time","ADLIB:SLE","","-","0.298","4.214",""],
       ["data required time","","","","","","","4.214",""]]],
     ["Q_int[20]:CLK","R","Q_int[21]:D","R","0.772","3.469","4.241","0.298","Setup","0.895","","3.469","0.019","","2.891","2.872","CLK","Rising","CLK","Rising","0","","1.667","","","","","","","1.667","1.667","","",2,
      [["Data arrival time calculation","","","","","","","",""],
       ["CLK","","","","","","0.000","0.000",""],
       ["CLK","r","Clock source","","","+","0.000","0.000",""],
       ["CLK_ibuf/U0/U_IOPAD:PAD","r","net","","CLK","+","0.000","0.000",""],
       ["CLK_ibuf/U0/U_IOPAD:Y","r","cell","ADLIB:IOPAD_IN","","+","1.497","1.497","2"],
       ["CLK_ibuf_RNIVQ04:An","f","net","","CLK_ibuf_Z","+","0.063","1.560",""],
       ["CLK_ibuf_RNIVQ04:YSn","f","cell","ADLIB:GB","","+","0.101","1.661","2"],
       ["CLK_ibuf_RNIVQ04/U0_RGB1:An","f","net","","CLK_ibuf_RNIVQ04/U0_YNn_GSouth","+","0.341","2.002",""],
       ["CLK_ibuf_RNIVQ04/U0_RGB1:YR","r","cell","ADLIB:RGB","","+","0.295","2.297","23"],
       ["Q_int[20]:CLK","r","net","","CLK_ibuf_RNIVQ04/U0_RGB1_YR","+","0.594","2.891",""],
       ["Q_int[20]:Q","r","cell","ADLIB:SLE","","+","0.102","2.993","2"],
       ["Q_int[21]:D","r","net","","Q_c[20]","+","0.476","3.469",""],
       ["data arrival time","","","","","","","3.469",""]],
      [["Data required time calculation","","","","","","","",""],
       ["CLK","","Clock Constraint","","","","1.667","1.667",""],
       ["CLK","r","Clock source","","","+","0.000","1.667",""],
       ["CLK_ibuf/U0/U_IOPAD:PAD","r","net","","CLK","+","0.000","1.667",""],
       ["CLK_ibuf/U0/U_IOPAD:Y","r","cell","ADLIB:IOPAD_IN","","+","1.497","3.164","2"],
       ["CLK_ibuf_RNIVQ04:An","f","net","","CLK_ibuf_Z","+","0.063","3.227",""],
       ["CLK_ibuf_RNIVQ04:YSn","f","cell","ADLIB:GB","","+","0.101","3.328","2"],
       ["CLK_ibuf_RNIVQ04/U0_RGB1:An","f","net","","CLK_ibuf_RNIVQ04/U0_YNn_GSouth","+","0.341","3.669",""],
       ["CLK_ibuf_RNIVQ04/U0_RGB1:YR","r","cell","ADLIB:RGB","","+","0.295","3.964","23"],
       ["Q_int[21]:CLK","r","net","","CLK_ibuf_RNIVQ04/U0_RGB1_YR","+","0.575","4.539",""],
       ["Q_int[21]:D","","Library setup time","ADLIB:SLE","","-","0.298","4.241",""],
       ["data required time","","","","","","","4.241",""]]],
     ["Q_int[24]:CLK","R","Q_int[25]:D","R","0.774","3.451","4.225","0.298","Setup","0.893","","3.451","0.018","","2.874","2.856","CLK","Rising","CLK","Rising","0","","1.667","","","","","","","1.667","1.667","","",2,
      [["Data arrival time calculation","","","","","","","",""],
       ["CLK","","","","","","0.000","0.000",""],
       ["CLK","r","Clock source","","","+","0.000","0.000",""],
       ["CLK_ibuf/U0/U_IOPAD:PAD","r","net","","CLK","+","0.000","0.000",""],
       ["CLK_ibuf/U0/U_IOPAD:Y","r","cell","ADLIB:IOPAD_IN","","+","1.497","1.497","2"],
       ["CLK_ibuf_RNIVQ04:An","f","net","","CLK_ibuf_Z","+","0.063","1.560",""],
       ["CLK_ibuf_RNIVQ04:YSn","f","cell","ADLIB:GB","","+","0.101","1.661","2"],
       ["CLK_ibuf_RNIVQ04/U0_RGB1_RGB0:An","f","net","","CLK_ibuf_RNIVQ04/U0_YNn_GSouth","+","0.342","2.003",""],
       ["CLK_ibuf_RNIVQ04/U0_RGB1_RGB0:YR","r","cell","ADLIB:RGB","","+","0.295","2.298","9"],
       ["Q_int[24]:CLK","r","net","","CLK_ibuf_RNIVQ04/U0_RGB1_RGB0_rgbr_net_1","+","0.576","2.874",""],
       ["Q_int[24]:Q","r","cell","ADLIB:SLE","","+","0.102","2.976","2"],
       ["Q_int[25]:D","r","net","","Q_c[24]","+","0.475","3.451",""],
       ["data arrival time","","","","","","","3.451",""]],
      [["Data required time calculation","","","","","","","",""],
       ["CLK","","Clock Constraint","","","","1.667","1.667",""],
       ["CLK","r","Clock source","","","+","0.000","1.667",""],
       ["CLK_ibuf/U0/U_IOPAD:PAD","r","net","","CLK","+","0.000","1.667",""],
       ["CLK_ibuf/U0/U_IOPAD:Y","r","cell","ADLIB:IOPAD_IN","","+","1.497","3.164","2"],
       ["CLK_ibuf_RNIVQ04:An","f","net","","CLK_ibuf_Z","+","0.063","3.227",""],
       ["CLK_ibuf_RNIVQ04:YSn","f","cell","ADLIB:GB","","+","0.101","3.328","2"],
       ["CLK_ibuf_RNIVQ04/U0_RGB1_RGB0:An","f","net","","CLK_ibuf_RNIVQ04/U0_YNn_GSouth","+","0.342","3.670",""],
       ["CLK_ibuf_RNIVQ04/U0_RGB1_RGB0:YR","r","cell","ADLIB:RGB","","+","0.295","3.965","9"],
       ["Q_int[25]:CLK","r","net","","CLK_ibuf_RNIVQ04/U0_RGB1_RGB0_rgbr_net_1","+","0.558","4.523",""],
       ["Q_int[25]:D","","Library setup time","ADLIB:SLE","","-","0.298","4.225",""],
       ["data required time","","","","","","","4.225",""]]],
     ["Q_int[17]:CLK","R","Q_int[18]:D","R","0.774","3.468","4.242","0.298","Setup","0.893","","3.468","0.018","","2.891","2.873","CLK","Rising","CLK","Rising","0","","1.667","","","","","","","1.667","1.667","","",2,
      [["Data arrival time calculation","","","","","","","",""],
       ["CLK","","","","","","0.000","0.000",""],
       ["CLK","r","Clock source","","","+","0.000","0.000",""],
       ["CLK_ibuf/U0/U_IOPAD:PAD","r","net","","CLK","+","0.000","0.000",""],
       ["CLK_ibuf/U0/U_IOPAD:Y","r","cell","ADLIB:IOPAD_IN","","+","1.497","1.497","2"],
       ["CLK_ibuf_RNIVQ04:An","f","net","","CLK_ibuf_Z","+","0.063","1.560",""],
       ["CLK_ibuf_RNIVQ04:YSn","f","cell","ADLIB:GB","","+","0.101","1.661","2"],
       ["CLK_ibuf_RNIVQ04/U0_RGB1:An","f","net","","CLK_ibuf_RNIVQ04/U0_YNn_GSouth","+","0.341","2.002",""],
       ["CLK_ibuf_RNIVQ04/U0_RGB1:YR","r","cell","ADLIB:RGB","","+","0.295","2.297","23"],
       ["Q_int[17]:CLK","r","net","","CLK_ibuf_RNIVQ04/U0_RGB1_YR","+","0.594","2.891",""],
       ["Q_int[17]:Q","r","cell","ADLIB:SLE","","+","0.102","2.993","2"],
       ["Q_int[18]:D","r","net","","Q_c[17]","+","0.475","3.468",""],
       ["data arrival time","","","","","","","3.468",""]],
      [["Data required time calculation","","","","","","","",""],
       ["CLK","","Clock Constraint","","","","1.667","1.667",""],
       ["CLK","r","Clock source","","","+","0.000","1.667",""],
       ["CLK_ibuf/U0/U_IOPAD:PAD","r","net","","CLK","+","0.000","1.667",""],
       ["CLK_ibuf/U0/U_IOPAD:Y","r","cell","ADLIB:IOPAD_IN","","+","1.497","3.164","2"],
       ["CLK_ibuf_RNIVQ04:An","f","net","","CLK_ibuf_Z","+","0.063","3.227",""],
       ["CLK_ibuf_RNIVQ04:YSn","f","cell","ADLIB:GB","","+","0.101","3.328","2"],
       ["CLK_ibuf_RNIVQ04/U0_RGB1:An","f","net","","CLK_ibuf_RNIVQ04/U0_YNn_GSouth","+","0.341","3.669",""],
       ["CLK_ibuf_RNIVQ04/U0_RGB1:YR","r","cell","ADLIB:RGB","","+","0.295","3.964","23"],
       ["Q_int[18]:CLK","r","net","","CLK_ibuf_RNIVQ04/U0_RGB1_YR","+","0.576","4.540",""],
       ["Q_int[18]:D","","Library setup time","ADLIB:SLE","","-","0.298","4.242",""],
       ["data required time","","","","","","","4.242",""]]],
     ["Q_int[1]:CLK","R","Q_int[2]:D","R","0.775","3.463","4.238","0.298","Setup","0.892","","3.463","0.017","","2.886","2.869","CLK","Rising","CLK","Rising","0","","1.667","","","","","","","1.667","1.667","","",2,
      [["Data arrival time calculation","","","","","","","",""],
       ["CLK","","","","","","0.000","0.000",""],
       ["CLK","r","Clock source","","","+","0.000","0.000",""],
       ["CLK_ibuf/U0/U_IOPAD:PAD","r","net","","CLK","+","0.000","0.000",""],
       ["CLK_ibuf/U0/U_IOPAD:Y","r","cell","ADLIB:IOPAD_IN","","+","1.497","1.497","2"],
       ["CLK_ibuf_RNIVQ04:An","f","net","","CLK_ibuf_Z","+","0.063","1.560",""],
       ["CLK_ibuf_RNIVQ04:YSn","f","cell","ADLIB:GB","","+","0.101","1.661","2"],
       ["CLK_ibuf_RNIVQ04/U0_RGB1:An","f","net","","CLK_ibuf_RNIVQ04/U0_YNn_GSouth","+","0.341","2.002",""],
       ["CLK_ibuf_RNIVQ04/U0_RGB1:YR","r","cell","ADLIB:RGB","","+","0.295","2.297","23"],
       ["Q_int[1]:CLK","r","net","","CLK_ibuf_RNIVQ04/U0_RGB1_YR","+","0.589","2.886",""],
       ["Q_int[1]:Q","r","cell","ADLIB:SLE","","+","0.102","2.988","2"],
       ["Q_int[2]:D","r","net","","Q_c[1]","+","0.475","3.463",""],
       ["data arrival time","","","","","","","3.463",""]],
      [["Data required time calculation","","","","","","","",""],
       ["CLK","","Clock Constraint","","","","1.667","1.667",""],
       ["CLK","r","Clock source","","","+","0.000","1.667",""],
       ["CLK_ibuf/U0/U_IOPAD:PAD","r","net","","CLK","+","0.000","1.667",""],
       ["CLK_ibuf/U0/U_IOPAD:Y","r","cell","ADLIB:IOPAD_IN","","+","1.497","3.164","2"],
       ["CLK_ibuf_RNIVQ04:An","f","net","","CLK_ibuf_Z","+","0.063","3.227",""],
       ["CLK_ibuf_RNIVQ04:YSn","f","cell","ADLIB:GB","","+","0.101","3.328","2"],
       ["CLK_ibuf_RNIVQ04/U0_RGB1:An","f","net","","CLK_ibuf_RNIVQ04/U0_YNn_GSouth","+","0.341","3.669",""],
       ["CLK_ibuf_RNIVQ04/U0_RGB1:YR","r","cell","ADLIB:RGB","","+","0.295","3.964","23"],
       ["Q_int[2]:CLK","r","net","","CLK_ibuf_RNIVQ04/U0_RGB1_YR","+","0.572","4.536",""],
       ["Q_int[2]:D","","Library setup time","ADLIB:SLE","","-","0.298","4.238",""],
       ["data required time","","","","","","","4.238",""]]],
     ["Q_int[18]:CLK","R","Q_int[19]:D","R","0.775","3.453","4.228","0.298","Setup","0.892","","3.453","0.032","","2.891","2.859","CLK","Rising","CLK","Rising","0","","1.667","","","","","","","1.667","1.667","","",2,
      [["Data arrival time calculation","","","","","","","",""],
       ["CLK","","","","","","0.000","0.000",""],
       ["CLK","r","Clock source","","","+","0.000","0.000",""],
       ["CLK_ibuf/U0/U_IOPAD:PAD","r","net","","CLK","+","0.000","0.000",""],
       ["CLK_ibuf/U0/U_IOPAD:Y","r","cell","ADLIB:IOPAD_IN","","+","1.497","1.497","2"],
       ["CLK_ibuf_RNIVQ04:An","f","net","","CLK_ibuf_Z","+","0.063","1.560",""],
       ["CLK_ibuf_RNIVQ04:YSn","f","cell","ADLIB:GB","","+","0.101","1.661","2"],
       ["CLK_ibuf_RNIVQ04/U0_RGB1:An","f","net","","CLK_ibuf_RNIVQ04/U0_YNn_GSouth","+","0.341","2.002",""],
       ["CLK_ibuf_RNIVQ04/U0_RGB1:YR","r","cell","ADLIB:RGB","","+","0.295","2.297","23"],
       ["Q_int[18]:CLK","r","net","","CLK_ibuf_RNIVQ04/U0_RGB1_YR","+","0.594","2.891",""],
       ["Q_int[18]:Q","r","cell","ADLIB:SLE","","+","0.102","2.993","2"],
       ["Q_int[19]:D","r","net","","Q_c[18]","+","0.460","3.453",""],
       ["data arrival time","","","","","","","3.453",""]],
      [["Data required time calculation","","","","","","","",""],
       ["CLK","","Clock Constraint","","","","1.667","1.667",""],
       ["CLK","r","Clock source","","","+","0.000","1.667",""],
       ["CLK_ibuf/U0/U_IOPAD:PAD","r","net","","CLK","+","0.000","1.667",""],
       ["CLK_ibuf/U0/U_IOPAD:Y","r","cell","ADLIB:IOPAD_IN","","+","1.497","3.164","2"],
       ["CLK_ibuf_RNIVQ04:An","f","net","","CLK_ibuf_Z","+","0.063","3.227",""],
       ["CLK_ibuf_RNIVQ04:YSn","f","cell","ADLIB:GB","","+","0.101","3.328","2"],
       ["CLK_ibuf_RNIVQ04/U0_RGB1:An","f","net","","CLK_ibuf_RNIVQ04/U0_YNn_GSouth","+","0.341","3.669",""],
       ["CLK_ibuf_RNIVQ04/U0_RGB1:YR","r","cell","ADLIB:RGB","","+","0.295","3.964","23"],
       ["Q_int[19]:CLK","r","net","","CLK_ibuf_RNIVQ04/U0_RGB1_YR","+","0.562","4.526",""],
       ["Q_int[19]:D","","Library setup time","ADLIB:SLE","","-","0.298","4.228",""],
       ["data required time","","","","","","","4.228",""]]],
     ["Q_int[8]:CLK","R","Q_int[9]:D","R","0.777","3.460","4.237","0.298","Setup","0.890","","3.460","0.018","","2.886","2.868","CLK","Rising","CLK","Rising","0","","1.667","","","","","","","1.667","1.667","","",2,
      [["Data arrival time calculation","","","","","","","",""],
       ["CLK","","","","","","0.000","0.000",""],
       ["CLK","r","Clock source","","","+","0.000","0.000",""],
       ["CLK_ibuf/U0/U_IOPAD:PAD","r","net","","CLK","+","0.000","0.000",""],
       ["CLK_ibuf/U0/U_IOPAD:Y","r","cell","ADLIB:IOPAD_IN","","+","1.497","1.497","2"],
       ["CLK_ibuf_RNIVQ04:An","f","net","","CLK_ibuf_Z","+","0.063","1.560",""],
       ["CLK_ibuf_RNIVQ04:YSn","f","cell","ADLIB:GB","","+","0.101","1.661","2"],
       ["CLK_ibuf_RNIVQ04/U0_RGB1:An","f","net","","CLK_ibuf_RNIVQ04/U0_YNn_GSouth","+","0.341","2.002",""],
       ["CLK_ibuf_RNIVQ04/U0_RGB1:YR","r","cell","ADLIB:RGB","","+","0.295","2.297","23"],
       ["Q_int[8]:CLK","r","net","","CLK_ibuf_RNIVQ04/U0_RGB1_YR","+","0.589","2.886",""],
       ["Q_int[8]:Q","r","cell","ADLIB:SLE","","+","0.102","2.988","2"],
       ["Q_int[9]:D","r","net","","Q_c[8]","+","0.472","3.460",""],
       ["data arrival time","","","","","","","3.460",""]],
      [["Data required time calculation","","","","","","","",""],
       ["CLK","","Clock Constraint","","","","1.667","1.667",""],
       ["CLK","r","Clock source","","","+","0.000","1.667",""],
       ["CLK_ibuf/U0/U_IOPAD:PAD","r","net","","CLK","+","0.000","1.667",""],
       ["CLK_ibuf/U0/U_IOPAD:Y","r","cell","ADLIB:IOPAD_IN","","+","1.497","3.164","2"],
       ["CLK_ibuf_RNIVQ04:An","f","net","","CLK_ibuf_Z","+","0.063","3.227",""],
       ["CLK_ibuf_RNIVQ04:YSn","f","cell","ADLIB:GB","","+","0.101","3.328","2"],
       ["CLK_ibuf_RNIVQ04/U0_RGB1:An","f","net","","CLK_ibuf_RNIVQ04/U0_YNn_GSouth","+","0.341","3.669",""],
       ["CLK_ibuf_RNIVQ04/U0_RGB1:YR","r","cell","ADLIB:RGB","","+","0.295","3.964","23"],
       ["Q_int[9]:CLK","r","net","","CLK_ibuf_RNIVQ04/U0_RGB1_YR","+","0.571","4.535",""],
       ["Q_int[9]:D","","Library setup time","ADLIB:SLE","","-","0.298","4.237",""],
       ["data required time","","","","","","","4.237",""]]],
     ["Q_int[12]:CLK","R","Q_int[13]:D","R","0.780","3.448","4.228","0.298","Setup","0.887","","3.448","0.032","","2.891","2.859","CLK","Rising","CLK","Rising","0","","1.667","","","","","","","1.667","1.667","","",2,
      [["Data arrival time calculation","","","","","","","",""],
       ["CLK","","","","","","0.000","0.000",""],
       ["CLK","r","Clock source","","","+","0.000","0.000",""],
       ["CLK_ibuf/U0/U_IOPAD:PAD","r","net","","CLK","+","0.000","0.000",""],
       ["CLK_ibuf/U0/U_IOPAD:Y","r","cell","ADLIB:IOPAD_IN","","+","1.497","1.497","2"],
       ["CLK_ibuf_RNIVQ04:An","f","net","","CLK_ibuf_Z","+","0.063","1.560",""],
       ["CLK_ibuf_RNIVQ04:YSn","f","cell","ADLIB:GB","","+","0.101","1.661","2"],
       ["CLK_ibuf_RNIVQ04/U0_RGB1:An","f","net","","CLK_ibuf_RNIVQ04/U0_YNn_GSouth","+","0.341","2.002",""],
       ["CLK_ibuf_RNIVQ04/U0_RGB1:YR","r","cell","ADLIB:RGB","","+","0.295","2.297","23"],
       ["Q_int[12]:CLK","r","net","","CLK_ibuf_RNIVQ04/U0_RGB1_YR","+","0.594","2.891",""],
       ["Q_int[12]:Q","r","cell","ADLIB:SLE","","+","0.102","2.993","2"],
       ["Q_int[13]:D","r","net","","Q_c[12]","+","0.455","3.448",""],
       ["data arrival time","","","","","","","3.448",""]],
      [["Data required time calculation","","","","","","","",""],
       ["CLK","","Clock Constraint","","","","1.667","1.667",""],
       ["CLK","r","Clock source","","","+","0.000","1.667",""],
       ["CLK_ibuf/U0/U_IOPAD:PAD","r","net","","CLK","+","0.000","1.667",""],
       ["CLK_ibuf/U0/U_IOPAD:Y","r","cell","ADLIB:IOPAD_IN","","+","1.497","3.164","2"],
       ["CLK_ibuf_RNIVQ04:An","f","net","","CLK_ibuf_Z","+","0.063","3.227",""],
       ["CLK_ibuf_RNIVQ04:YSn","f","cell","ADLIB:GB","","+","0.101","3.328","2"],
       ["CLK_ibuf_RNIVQ04/U0_RGB1:An","f","net","","CLK_ibuf_RNIVQ04/U0_YNn_GSouth","+","0.341","3.669",""],
       ["CLK_ibuf_RNIVQ04/U0_RGB1:YR","r","cell","ADLIB:RGB","","+","0.295","3.964","23"],
       ["Q_int[13]:CLK","r","net","","CLK_ibuf_RNIVQ04/U0_RGB1_YR","+","0.562","4.526",""],
       ["Q_int[13]:D","","Library setup time","ADLIB:SLE","","-","0.298","4.228",""],
       ["data required time","","","","","","","4.228",""]]],
     ["Q_int[5]:CLK","R","Q_int[6]:D","R","0.781","3.443","4.224","0.298","Setup","0.886","","3.443","0.031","","2.886","2.855","CLK","Rising","CLK","Rising","0","","1.667","","","","","","","1.667","1.667","","",2,
      [["Data arrival time calculation","","","","","","","",""],
       ["CLK","","","","","","0.000","0.000",""],
       ["CLK","r","Clock source","","","+","0.000","0.000",""],
       ["CLK_ibuf/U0/U_IOPAD:PAD","r","net","","CLK","+","0.000","0.000",""],
       ["CLK_ibuf/U0/U_IOPAD:Y","r","cell","ADLIB:IOPAD_IN","","+","1.497","1.497","2"],
       ["CLK_ibuf_RNIVQ04:An","f","net","","CLK_ibuf_Z","+","0.063","1.560",""],
       ["CLK_ibuf_RNIVQ04:YSn","f","cell","ADLIB:GB","","+","0.101","1.661","2"],
       ["CLK_ibuf_RNIVQ04/U0_RGB1:An","f","net","","CLK_ibuf_RNIVQ04/U0_YNn_GSouth","+","0.341","2.002",""],
       ["CLK_ibuf_RNIVQ04/U0_RGB1:YR","r","cell","ADLIB:RGB","","+","0.295","2.297","23"],
       ["Q_int[5]:CLK","r","net","","CLK_ibuf_RNIVQ04/U0_RGB1_YR","+","0.589","2.886",""],
       ["Q_int[5]:Q","r","cell","ADLIB:SLE","","+","0.102","2.988","2"],
       ["Q_int[6]:D","r","net","","Q_c[5]","+","0.455","3.443",""],
       ["data arrival time","","","","","","","3.443",""]],
      [["Data required time calculation","","","","","","","",""],
       ["CLK","","Clock Constraint","","","","1.667","1.667",""],
       ["CLK","r","Clock source","","","+","0.000","1.667",""],
       ["CLK_ibuf/U0/U_IOPAD:PAD","r","net","","CLK","+","0.000","1.667",""],
       ["CLK_ibuf/U0/U_IOPAD:Y","r","cell","ADLIB:IOPAD_IN","","+","1.497","3.164","2"],
       ["CLK_ibuf_RNIVQ04:An","f","net","","CLK_ibuf_Z","+","0.063","3.227",""],
       ["CLK_ibuf_RNIVQ04:YSn","f","cell","ADLIB:GB","","+","0.101","3.328","2"],
       ["CLK_ibuf_RNIVQ04/U0_RGB1:An","f","net","","CLK_ibuf_RNIVQ04/U0_YNn_GSouth","+","0.341","3.669",""],
       ["CLK_ibuf_RNIVQ04/U0_RGB1:YR","r","cell","ADLIB:RGB","","+","0.295","3.964","23"],
       ["Q_int[6]:CLK","r","net","","CLK_ibuf_RNIVQ04/U0_RGB1_YR","+","0.558","4.522",""],
       ["Q_int[6]:D","","Library setup time","ADLIB:SLE","","-","0.298","4.224",""],
       ["data required time","","","","","","","4.224",""]]],
     ["Q_int[7]:CLK","R","Q_int[8]:D","R","0.783","3.454","4.237","0.298","Setup","0.884","","3.454","0.004","","2.872","2.868","CLK","Rising","CLK","Rising","0","","1.667","","","","","","","1.667","1.667","","",2,
      [["Data arrival time calculation","","","","","","","",""],
       ["CLK","","","","","","0.000","0.000",""],
       ["CLK","r","Clock source","","","+","0.000","0.000",""],
       ["CLK_ibuf/U0/U_IOPAD:PAD","r","net","","CLK","+","0.000","0.000",""],
       ["CLK_ibuf/U0/U_IOPAD:Y","r","cell","ADLIB:IOPAD_IN","","+","1.497","1.497","2"],
       ["CLK_ibuf_RNIVQ04:An","f","net","","CLK_ibuf_Z","+","0.063","1.560",""],
       ["CLK_ibuf_RNIVQ04:YSn","f","cell","ADLIB:GB","","+","0.101","1.661","2"],
       ["CLK_ibuf_RNIVQ04/U0_RGB1:An","f","net","","CLK_ibuf_RNIVQ04/U0_YNn_GSouth","+","0.341","2.002",""],
       ["CLK_ibuf_RNIVQ04/U0_RGB1:YR","r","cell","ADLIB:RGB","","+","0.295","2.297","23"],
       ["Q_int[7]:CLK","r","net","","CLK_ibuf_RNIVQ04/U0_RGB1_YR","+","0.575","2.872",""],
       ["Q_int[7]:Q","r","cell","ADLIB:SLE","","+","0.102","2.974","2"],
       ["Q_int[8]:D","r","net","","Q_c[7]","+","0.480","3.454",""],
       ["data arrival time","","","","","","","3.454",""]],
      [["Data required time calculation","","","","","","","",""],
       ["CLK","","Clock Constraint","","","","1.667","1.667",""],
       ["CLK","r","Clock source","","","+","0.000","1.667",""],
       ["CLK_ibuf/U0/U_IOPAD:PAD","r","net","","CLK","+","0.000","1.667",""],
       ["CLK_ibuf/U0/U_IOPAD:Y","r","cell","ADLIB:IOPAD_IN","","+","1.497","3.164","2"],
       ["CLK_ibuf_RNIVQ04:An","f","net","","CLK_ibuf_Z","+","0.063","3.227",""],
       ["CLK_ibuf_RNIVQ04:YSn","f","cell","ADLIB:GB","","+","0.101","3.328","2"],
       ["CLK_ibuf_RNIVQ04/U0_RGB1:An","f","net","","CLK_ibuf_RNIVQ04/U0_YNn_GSouth","+","0.341","3.669",""],
       ["CLK_ibuf_RNIVQ04/U0_RGB1:YR","r","cell","ADLIB:RGB","","+","0.295","3.964","23"],
       ["Q_int[8]:CLK","r","net","","CLK_ibuf_RNIVQ04/U0_RGB1_YR","+","0.571","4.535",""],
       ["Q_int[8]:D","","Library setup time","ADLIB:SLE","","-","0.298","4.237",""],
       ["data required time","","","","","","","4.237",""]]],
     ["Q_int[0]:CLK","R","Q_int[1]:D","R","0.784","3.453","4.237","0.298","Setup","0.883","","3.453","0.004","","2.872","2.868","CLK","Rising","CLK","Rising","0","","1.667","","","","","","","1.667","1.667","","",2,
      [["Data arrival time calculation","","","","","","","",""],
       ["CLK","","","","","","0.000","0.000",""],
       ["CLK","r","Clock source","","","+","0.000","0.000",""],
       ["CLK_ibuf/U0/U_IOPAD:PAD","r","net","","CLK","+","0.000","0.000",""],
       ["CLK_ibuf/U0/U_IOPAD:Y","r","cell","ADLIB:IOPAD_IN","","+","1.497","1.497","2"],
       ["CLK_ibuf_RNIVQ04:An","f","net","","CLK_ibuf_Z","+","0.063","1.560",""],
       ["CLK_ibuf_RNIVQ04:YSn","f","cell","ADLIB:GB","","+","0.101","1.661","2"],
       ["CLK_ibuf_RNIVQ04/U0_RGB1:An","f","net","","CLK_ibuf_RNIVQ04/U0_YNn_GSouth","+","0.341","2.002",""],
       ["CLK_ibuf_RNIVQ04/U0_RGB1:YR","r","cell","ADLIB:RGB","","+","0.295","2.297","23"],
       ["Q_int[0]:CLK","r","net","","CLK_ibuf_RNIVQ04/U0_RGB1_YR","+","0.575","2.872",""],
       ["Q_int[0]:Q","r","cell","ADLIB:SLE","","+","0.102","2.974","2"],
       ["Q_int[1]:D","r","net","","Q_c[0]","+","0.479","3.453",""],
       ["data arrival time","","","","","","","3.453",""]],
      [["Data required time calculation","","","","","","","",""],
       ["CLK","","Clock Constraint","","","","1.667","1.667",""],
       ["CLK","r","Clock source","","","+","0.000","1.667",""],
       ["CLK_ibuf/U0/U_IOPAD:PAD","r","net","","CLK","+","0.000","1.667",""],
       ["CLK_ibuf/U0/U_IOPAD:Y","r","cell","ADLIB:IOPAD_IN","","+","1.497","3.164","2"],
       ["CLK_ibuf_RNIVQ04:An","f","net","","CLK_ibuf_Z","+","0.063","3.227",""],
       ["CLK_ibuf_RNIVQ04:YSn","f","cell","ADLIB:GB","","+","0.101","3.328","2"],
       ["CLK_ibuf_RNIVQ04/U0_RGB1:An","f","net","","CLK_ibuf_RNIVQ04/U0_YNn_GSouth","+","0.341","3.669",""],
       ["CLK_ibuf_RNIVQ04/U0_RGB1:YR","r","cell","ADLIB:RGB","","+","0.295","3.964","23"],
       ["Q_int[1]:CLK","r","net","","CLK_ibuf_RNIVQ04/U0_RGB1_YR","+","0.571","4.535",""],
       ["Q_int[1]:D","","Library setup time","ADLIB:SLE","","-","0.298","4.237",""],
       ["data required time","","","","","","","4.237",""]]],
     ["Q_int[14]:CLK","R","Q_int[15]:D","R","0.785","3.457","4.242","0.298","Setup","0.882","","3.457","0.003","","2.876","2.873","CLK","Rising","CLK","Rising","0","","1.667","","","","","","","1.667","1.667","","",2,
      [["Data arrival time calculation","","","","","","","",""],
       ["CLK","","","","","","0.000","0.000",""],
       ["CLK","r","Clock source","","","+","0.000","0.000",""],
       ["CLK_ibuf/U0/U_IOPAD:PAD","r","net","","CLK","+","0.000","0.000",""],
       ["CLK_ibuf/U0/U_IOPAD:Y","r","cell","ADLIB:IOPAD_IN","","+","1.497","1.497","2"],
       ["CLK_ibuf_RNIVQ04:An","f","net","","CLK_ibuf_Z","+","0.063","1.560",""],
       ["CLK_ibuf_RNIVQ04:YSn","f","cell","ADLIB:GB","","+","0.101","1.661","2"],
       ["CLK_ibuf_RNIVQ04/U0_RGB1:An","f","net","","CLK_ibuf_RNIVQ04/U0_YNn_GSouth","+","0.341","2.002",""],
       ["CLK_ibuf_RNIVQ04/U0_RGB1:YR","r","cell","ADLIB:RGB","","+","0.295","2.297","23"],
       ["Q_int[14]:CLK","r","net","","CLK_ibuf_RNIVQ04/U0_RGB1_YR","+","0.579","2.876",""],
       ["Q_int[14]:Q","r","cell","ADLIB:SLE","","+","0.102","2.978","2"],
       ["Q_int[15]:D","r","net","","Q_c[14]","+","0.479","3.457",""],
       ["data arrival time","","","","","","","3.457",""]],
      [["Data required time calculation","","","","","","","",""],
       ["CLK","","Clock Constraint","","","","1.667","1.667",""],
       ["CLK","r","Clock source","","","+","0.000","1.667",""],
       ["CLK_ibuf/U0/U_IOPAD:PAD","r","net","","CLK","+","0.000","1.667",""],
       ["CLK_ibuf/U0/U_IOPAD:Y","r","cell","ADLIB:IOPAD_IN","","+","1.497","3.164","2"],
       ["CLK_ibuf_RNIVQ04:An","f","net","","CLK_ibuf_Z","+","0.063","3.227",""],
       ["CLK_ibuf_RNIVQ04:YSn","f","cell","ADLIB:GB","","+","0.101","3.328","2"],
       ["CLK_ibuf_RNIVQ04/U0_RGB1:An","f","net","","CLK_ibuf_RNIVQ04/U0_YNn_GSouth","+","0.341","3.669",""],
       ["CLK_ibuf_RNIVQ04/U0_RGB1:YR","r","cell","ADLIB:RGB","","+","0.295","3.964","23"],
       ["Q_int[15]:CLK","r","net","","CLK_ibuf_RNIVQ04/U0_RGB1_YR","+","0.576","4.540",""],
       ["Q_int[15]:D","","Library setup time","ADLIB:SLE","","-","0.298","4.242",""],
       ["data required time","","","","","","","4.242",""]]],
     ["Q_int[26]:CLK","R","Q_int[27]:D","R","0.786","3.428","4.214","0.298","Setup","0.881","","3.428","0.017","","2.862","2.845","CLK","Rising","CLK","Rising","0","","1.667","","","","","","","1.667","1.667","","",2,
      [["Data arrival time calculation","","","","","","","",""],
       ["CLK","","","","","","0.000","0.000",""],
       ["CLK","r","Clock source","","","+","0.000","0.000",""],
       ["CLK_ibuf/U0/U_IOPAD:PAD","r","net","","CLK","+","0.000","0.000",""],
       ["CLK_ibuf/U0/U_IOPAD:Y","r","cell","ADLIB:IOPAD_IN","","+","1.497","1.497","2"],
       ["CLK_ibuf_RNIVQ04:An","f","net","","CLK_ibuf_Z","+","0.063","1.560",""],
       ["CLK_ibuf_RNIVQ04:YSn","f","cell","ADLIB:GB","","+","0.101","1.661","2"],
       ["CLK_ibuf_RNIVQ04/U0_RGB1_RGB0:An","f","net","","CLK_ibuf_RNIVQ04/U0_YNn_GSouth","+","0.342","2.003",""],
       ["CLK_ibuf_RNIVQ04/U0_RGB1_RGB0:YR","r","cell","ADLIB:RGB","","+","0.295","2.298","9"],
       ["Q_int[26]:CLK","r","net","","CLK_ibuf_RNIVQ04/U0_RGB1_RGB0_rgbr_net_1","+","0.564","2.862",""],
       ["Q_int[26]:Q","r","cell","ADLIB:SLE","","+","0.102","2.964","2"],
       ["Q_int[27]:D","r","net","","Q_c[26]","+","0.464","3.428",""],
       ["data arrival time","","","","","","","3.428",""]],
      [["Data required time calculation","","","","","","","",""],
       ["CLK","","Clock Constraint","","","","1.667","1.667",""],
       ["CLK","r","Clock source","","","+","0.000","1.667",""],
       ["CLK_ibuf/U0/U_IOPAD:PAD","r","net","","CLK","+","0.000","1.667",""],
       ["CLK_ibuf/U0/U_IOPAD:Y","r","cell","ADLIB:IOPAD_IN","","+","1.497","3.164","2"],
       ["CLK_ibuf_RNIVQ04:An","f","net","","CLK_ibuf_Z","+","0.063","3.227",""],
       ["CLK_ibuf_RNIVQ04:YSn","f","cell","ADLIB:GB","","+","0.101","3.328","2"],
       ["CLK_ibuf_RNIVQ04/U0_RGB1_RGB0:An","f","net","","CLK_ibuf_RNIVQ04/U0_YNn_GSouth","+","0.342","3.670",""],
       ["CLK_ibuf_RNIVQ04/U0_RGB1_RGB0:YR","r","cell","ADLIB:RGB","","+","0.295","3.965","9"],
       ["Q_int[27]:CLK","r","net","","CLK_ibuf_RNIVQ04/U0_RGB1_RGB0_rgbr_net_1","+","0.547","4.512",""],
       ["Q_int[27]:D","","Library setup time","ADLIB:SLE","","-","0.298","4.214",""],
       ["data required time","","","","","","","4.214",""]]],
     ["Q_int[2]:CLK","R","Q_int[3]:D","R","0.788","3.449","4.237","0.298","Setup","0.879","","3.449","0.019","","2.887","2.868","CLK","Rising","CLK","Rising","0","","1.667","","","","","","","1.667","1.667","","",2,
      [["Data arrival time calculation","","","","","","","",""],
       ["CLK","","","","","","0.000","0.000",""],
       ["CLK","r","Clock source","","","+","0.000","0.000",""],
       ["CLK_ibuf/U0/U_IOPAD:PAD","r","net","","CLK","+","0.000","0.000",""],
       ["CLK_ibuf/U0/U_IOPAD:Y","r","cell","ADLIB:IOPAD_IN","","+","1.497","1.497","2"],
       ["CLK_ibuf_RNIVQ04:An","f","net","","CLK_ibuf_Z","+","0.063","1.560",""],
       ["CLK_ibuf_RNIVQ04:YSn","f","cell","ADLIB:GB","","+","0.101","1.661","2"],
       ["CLK_ibuf_RNIVQ04/U0_RGB1:An","f","net","","CLK_ibuf_RNIVQ04/U0_YNn_GSouth","+","0.341","2.002",""],
       ["CLK_ibuf_RNIVQ04/U0_RGB1:YR","r","cell","ADLIB:RGB","","+","0.295","2.297","23"],
       ["Q_int[2]:CLK","r","net","","CLK_ibuf_RNIVQ04/U0_RGB1_YR","+","0.590","2.887",""],
       ["Q_int[2]:Q","r","cell","ADLIB:SLE","","+","0.102","2.989","2"],
       ["Q_int[3]:D","r","net","","Q_c[2]","+","0.460","3.449",""],
       ["data arrival time","","","","","","","3.449",""]],
      [["Data required time calculation","","","","","","","",""],
       ["CLK","","Clock Constraint","","","","1.667","1.667",""],
       ["CLK","r","Clock source","","","+","0.000","1.667",""],
       ["CLK_ibuf/U0/U_IOPAD:PAD","r","net","","CLK","+","0.000","1.667",""],
       ["CLK_ibuf/U0/U_IOPAD:Y","r","cell","ADLIB:IOPAD_IN","","+","1.497","3.164","2"],
       ["CLK_ibuf_RNIVQ04:An","f","net","","CLK_ibuf_Z","+","0.063","3.227",""],
       ["CLK_ibuf_RNIVQ04:YSn","f","cell","ADLIB:GB","","+","0.101","3.328","2"],
       ["CLK_ibuf_RNIVQ04/U0_RGB1:An","f","net","","CLK_ibuf_RNIVQ04/U0_YNn_GSouth","+","0.341","3.669",""],
       ["CLK_ibuf_RNIVQ04/U0_RGB1:YR","r","cell","ADLIB:RGB","","+","0.295","3.964","23"],
       ["Q_int[3]:CLK","r","net","","CLK_ibuf_RNIVQ04/U0_RGB1_YR","+","0.571","4.535",""],
       ["Q_int[3]:D","","Library setup time","ADLIB:SLE","","-","0.298","4.237",""],
       ["data required time","","","","","","","4.237",""]]],
     ["Q_int[11]:CLK","R","Q_int[12]:D","R","0.788","3.454","4.242","0.298","Setup","0.879","","3.454","0.003","","2.876","2.873","CLK","Rising","CLK","Rising","0","","1.667","","","","","","","1.667","1.667","","",2,
      [["Data arrival time calculation","","","","","","","",""],
       ["CLK","","","","","","0.000","0.000",""],
       ["CLK","r","Clock source","","","+","0.000","0.000",""],
       ["CLK_ibuf/U0/U_IOPAD:PAD","r","net","","CLK","+","0.000","0.000",""],
       ["CLK_ibuf/U0/U_IOPAD:Y","r","cell","ADLIB:IOPAD_IN","","+","1.497","1.497","2"],
       ["CLK_ibuf_RNIVQ04:An","f","net","","CLK_ibuf_Z","+","0.063","1.560",""],
       ["CLK_ibuf_RNIVQ04:YSn","f","cell","ADLIB:GB","","+","0.101","1.661","2"],
       ["CLK_ibuf_RNIVQ04/U0_RGB1:An","f","net","","CLK_ibuf_RNIVQ04/U0_YNn_GSouth","+","0.341","2.002",""],
       ["CLK_ibuf_RNIVQ04/U0_RGB1:YR","r","cell","ADLIB:RGB","","+","0.295","2.297","23"],
       ["Q_int[11]:CLK","r","net","","CLK_ibuf_RNIVQ04/U0_RGB1_YR","+","0.579","2.876",""],
       ["Q_int[11]:Q","r","cell","ADLIB:SLE","","+","0.102","2.978","2"],
       ["Q_int[12]:D","r","net","","Q_c[11]","+","0.476","3.454",""],
       ["data arrival time","","","","","","","3.454",""]],
      [["Data required time calculation","","","","","","","",""],
       ["CLK","","Clock Constraint","","","","1.667","1.667",""],
       ["CLK","r","Clock source","","","+","0.000","1.667",""],
       ["CLK_ibuf/U0/U_IOPAD:PAD","r","net","","CLK","+","0.000","1.667",""],
       ["CLK_ibuf/U0/U_IOPAD:Y","r","cell","ADLIB:IOPAD_IN","","+","1.497","3.164","2"],
       ["CLK_ibuf_RNIVQ04:An","f","net","","CLK_ibuf_Z","+","0.063","3.227",""],
       ["CLK_ibuf_RNIVQ04:YSn","f","cell","ADLIB:GB","","+","0.101","3.328","2"],
       ["CLK_ibuf_RNIVQ04/U0_RGB1:An","f","net","","CLK_ibuf_RNIVQ04/U0_YNn_GSouth","+","0.341","3.669",""],
       ["CLK_ibuf_RNIVQ04/U0_RGB1:YR","r","cell","ADLIB:RGB","","+","0.295","3.964","23"],
       ["Q_int[12]:CLK","r","net","","CLK_ibuf_RNIVQ04/U0_RGB1_YR","+","0.576","4.540",""],
       ["Q_int[12]:D","","Library setup time","ADLIB:SLE","","-","0.298","4.242",""],
       ["data required time","","","","","","","4.242",""]]],
     ["Q_int[28]:CLK","R","Q_int[29]:D","R","0.789","3.436","4.225","0.298","Setup","0.878","","3.436","0.006","","2.862","2.856","CLK","Rising","CLK","Rising","0","","1.667","","","","","","","1.667","1.667","","",2,
      [["Data arrival time calculation","","","","","","","",""],
       ["CLK","","","","","","0.000","0.000",""],
       ["CLK","r","Clock source","","","+","0.000","0.000",""],
       ["CLK_ibuf/U0/U_IOPAD:PAD","r","net","","CLK","+","0.000","0.000",""],
       ["CLK_ibuf/U0/U_IOPAD:Y","r","cell","ADLIB:IOPAD_IN","","+","1.497","1.497","2"],
       ["CLK_ibuf_RNIVQ04:An","f","net","","CLK_ibuf_Z","+","0.063","1.560",""],
       ["CLK_ibuf_RNIVQ04:YSn","f","cell","ADLIB:GB","","+","0.101","1.661","2"],
       ["CLK_ibuf_RNIVQ04/U0_RGB1_RGB0:An","f","net","","CLK_ibuf_RNIVQ04/U0_YNn_GSouth","+","0.342","2.003",""],
       ["CLK_ibuf_RNIVQ04/U0_RGB1_RGB0:YR","r","cell","ADLIB:RGB","","+","0.295","2.298","9"],
       ["Q_int[28]:CLK","r","net","","CLK_ibuf_RNIVQ04/U0_RGB1_RGB0_rgbr_net_1","+","0.564","2.862",""],
       ["Q_int[28]:Q","r","cell","ADLIB:SLE","","+","0.102","2.964","2"],
       ["Q_int[29]:D","r","net","","Q_c[28]","+","0.472","3.436",""],
       ["data arrival time","","","","","","","3.436",""]],
      [["Data required time calculation","","","","","","","",""],
       ["CLK","","Clock Constraint","","","","1.667","1.667",""],
       ["CLK","r","Clock source","","","+","0.000","1.667",""],
       ["CLK_ibuf/U0/U_IOPAD:PAD","r","net","","CLK","+","0.000","1.667",""],
       ["CLK_ibuf/U0/U_IOPAD:Y","r","cell","ADLIB:IOPAD_IN","","+","1.497","3.164","2"],
       ["CLK_ibuf_RNIVQ04:An","f","net","","CLK_ibuf_Z","+","0.063","3.227",""],
       ["CLK_ibuf_RNIVQ04:YSn","f","cell","ADLIB:GB","","+","0.101","3.328","2"],
       ["CLK_ibuf_RNIVQ04/U0_RGB1_RGB0:An","f","net","","CLK_ibuf_RNIVQ04/U0_YNn_GSouth","+","0.342","3.670",""],
       ["CLK_ibuf_RNIVQ04/U0_RGB1_RGB0:YR","r","cell","ADLIB:RGB","","+","0.295","3.965","9"],
       ["Q_int[29]:CLK","r","net","","CLK_ibuf_RNIVQ04/U0_RGB1_RGB0_rgbr_net_1","+","0.558","4.523",""],
       ["Q_int[29]:D","","Library setup time","ADLIB:SLE","","-","0.298","4.225",""],
       ["data required time","","","","","","","4.225",""]]],
     ["Q_int[23]:CLK","R","Q_int[24]:D","R","0.795","3.431","4.226","0.298","Setup","0.872","","3.431","0.016","","2.873","2.857","CLK","Rising","CLK","Rising","0","","1.667","","","","","","","1.667","1.667","","",2,
      [["Data arrival time calculation","","","","","","","",""],
       ["CLK","","","","","","0.000","0.000",""],
       ["CLK","r","Clock source","","","+","0.000","0.000",""],
       ["CLK_ibuf/U0/U_IOPAD:PAD","r","net","","CLK","+","0.000","0.000",""],
       ["CLK_ibuf/U0/U_IOPAD:Y","r","cell","ADLIB:IOPAD_IN","","+","1.497","1.497","2"],
       ["CLK_ibuf_RNIVQ04:An","f","net","","CLK_ibuf_Z","+","0.063","1.560",""],
       ["CLK_ibuf_RNIVQ04:YSn","f","cell","ADLIB:GB","","+","0.101","1.661","2"],
       ["CLK_ibuf_RNIVQ04/U0_RGB1_RGB0:An","f","net","","CLK_ibuf_RNIVQ04/U0_YNn_GSouth","+","0.342","2.003",""],
       ["CLK_ibuf_RNIVQ04/U0_RGB1_RGB0:YR","r","cell","ADLIB:RGB","","+","0.295","2.298","9"],
       ["Q_int[23]:CLK","r","net","","CLK_ibuf_RNIVQ04/U0_RGB1_RGB0_rgbr_net_1","+","0.575","2.873",""],
       ["Q_int[23]:Q","r","cell","ADLIB:SLE","","+","0.102","2.975","2"],
       ["Q_int[24]:D","r","net","","Q_c[23]","+","0.456","3.431",""],
       ["data arrival time","","","","","","","3.431",""]],
      [["Data required time calculation","","","","","","","",""],
       ["CLK","","Clock Constraint","","","","1.667","1.667",""],
       ["CLK","r","Clock source","","","+","0.000","1.667",""],
       ["CLK_ibuf/U0/U_IOPAD:PAD","r","net","","CLK","+","0.000","1.667",""],
       ["CLK_ibuf/U0/U_IOPAD:Y","r","cell","ADLIB:IOPAD_IN","","+","1.497","3.164","2"],
       ["CLK_ibuf_RNIVQ04:An","f","net","","CLK_ibuf_Z","+","0.063","3.227",""],
       ["CLK_ibuf_RNIVQ04:YSn","f","cell","ADLIB:GB","","+","0.101","3.328","2"],
       ["CLK_ibuf_RNIVQ04/U0_RGB1_RGB0:An","f","net","","CLK_ibuf_RNIVQ04/U0_YNn_GSouth","+","0.342","3.670",""],
       ["CLK_ibuf_RNIVQ04/U0_RGB1_RGB0:YR","r","cell","ADLIB:RGB","","+","0.295","3.965","9"],
       ["Q_int[24]:CLK","r","net","","CLK_ibuf_RNIVQ04/U0_RGB1_RGB0_rgbr_net_1","+","0.559","4.524",""],
       ["Q_int[24]:D","","Library setup time","ADLIB:SLE","","-","0.298","4.226",""],
       ["data required time","","","","","","","4.226",""]]],
     ["Q_int[19]:CLK","R","Q_int[20]:D","R","0.798","3.444","4.242","0.298","Setup","0.869","","3.444","0.003","","2.876","2.873","CLK","Rising","CLK","Rising","0","","1.667","","","","","","","1.667","1.667","","",2,
      [["Data arrival time calculation","","","","","","","",""],
       ["CLK","","","","","","0.000","0.000",""],
       ["CLK","r","Clock source","","","+","0.000","0.000",""],
       ["CLK_ibuf/U0/U_IOPAD:PAD","r","net","","CLK","+","0.000","0.000",""],
       ["CLK_ibuf/U0/U_IOPAD:Y","r","cell","ADLIB:IOPAD_IN","","+","1.497","1.497","2"],
       ["CLK_ibuf_RNIVQ04:An","f","net","","CLK_ibuf_Z","+","0.063","1.560",""],
       ["CLK_ibuf_RNIVQ04:YSn","f","cell","ADLIB:GB","","+","0.101","1.661","2"],
       ["CLK_ibuf_RNIVQ04/U0_RGB1:An","f","net","","CLK_ibuf_RNIVQ04/U0_YNn_GSouth","+","0.341","2.002",""],
       ["CLK_ibuf_RNIVQ04/U0_RGB1:YR","r","cell","ADLIB:RGB","","+","0.295","2.297","23"],
       ["Q_int[19]:CLK","r","net","","CLK_ibuf_RNIVQ04/U0_RGB1_YR","+","0.579","2.876",""],
       ["Q_int[19]:Q","r","cell","ADLIB:SLE","","+","0.102","2.978","2"],
       ["Q_int[20]:D","r","net","","Q_c[19]","+","0.466","3.444",""],
       ["data arrival time","","","","","","","3.444",""]],
      [["Data required time calculation","","","","","","","",""],
       ["CLK","","Clock Constraint","","","","1.667","1.667",""],
       ["CLK","r","Clock source","","","+","0.000","1.667",""],
       ["CLK_ibuf/U0/U_IOPAD:PAD","r","net","","CLK","+","0.000","1.667",""],
       ["CLK_ibuf/U0/U_IOPAD:Y","r","cell","ADLIB:IOPAD_IN","","+","1.497","3.164","2"],
       ["CLK_ibuf_RNIVQ04:An","f","net","","CLK_ibuf_Z","+","0.063","3.227",""],
       ["CLK_ibuf_RNIVQ04:YSn","f","cell","ADLIB:GB","","+","0.101","3.328","2"],
       ["CLK_ibuf_RNIVQ04/U0_RGB1:An","f","net","","CLK_ibuf_RNIVQ04/U0_YNn_GSouth","+","0.341","3.669",""],
       ["CLK_ibuf_RNIVQ04/U0_RGB1:YR","r","cell","ADLIB:RGB","","+","0.295","3.964","23"],
       ["Q_int[20]:CLK","r","net","","CLK_ibuf_RNIVQ04/U0_RGB1_YR","+","0.576","4.540",""],
       ["Q_int[20]:D","","Library setup time","ADLIB:SLE","","-","0.298","4.242",""],
       ["data required time","","","","","","","4.242",""]]],
     ["Q_int[4]:CLK","R","Q_int[5]:D","R","0.799","3.438","4.237","0.298","Setup","0.868","","3.438","0.004","","2.872","2.868","CLK","Rising","CLK","Rising","0","","1.667","","","","","","","1.667","1.667","","",2,
      [["Data arrival time calculation","","","","","","","",""],
       ["CLK","","","","","","0.000","0.000",""],
       ["CLK","r","Clock source","","","+","0.000","0.000",""],
       ["CLK_ibuf/U0/U_IOPAD:PAD","r","net","","CLK","+","0.000","0.000",""],
       ["CLK_ibuf/U0/U_IOPAD:Y","r","cell","ADLIB:IOPAD_IN","","+","1.497","1.497","2"],
       ["CLK_ibuf_RNIVQ04:An","f","net","","CLK_ibuf_Z","+","0.063","1.560",""],
       ["CLK_ibuf_RNIVQ04:YSn","f","cell","ADLIB:GB","","+","0.101","1.661","2"],
       ["CLK_ibuf_RNIVQ04/U0_RGB1:An","f","net","","CLK_ibuf_RNIVQ04/U0_YNn_GSouth","+","0.341","2.002",""],
       ["CLK_ibuf_RNIVQ04/U0_RGB1:YR","r","cell","ADLIB:RGB","","+","0.295","2.297","23"],
       ["Q_int[4]:CLK","r","net","","CLK_ibuf_RNIVQ04/U0_RGB1_YR","+","0.575","2.872",""],
       ["Q_int[4]:Q","r","cell","ADLIB:SLE","","+","0.102","2.974","2"],
       ["Q_int[5]:D","r","net","","Q_c[4]","+","0.464","3.438",""],
       ["data arrival time","","","","","","","3.438",""]],
      [["Data required time calculation","","","","","","","",""],
       ["CLK","","Clock Constraint","","","","1.667","1.667",""],
       ["CLK","r","Clock source","","","+","0.000","1.667",""],
       ["CLK_ibuf/U0/U_IOPAD:PAD","r","net","","CLK","+","0.000","1.667",""],
       ["CLK_ibuf/U0/U_IOPAD:Y","r","cell","ADLIB:IOPAD_IN","","+","1.497","3.164","2"],
       ["CLK_ibuf_RNIVQ04:An","f","net","","CLK_ibuf_Z","+","0.063","3.227",""],
       ["CLK_ibuf_RNIVQ04:YSn","f","cell","ADLIB:GB","","+","0.101","3.328","2"],
       ["CLK_ibuf_RNIVQ04/U0_RGB1:An","f","net","","CLK_ibuf_RNIVQ04/U0_YNn_GSouth","+","0.341","3.669",""],
       ["CLK_ibuf_RNIVQ04/U0_RGB1:YR","r","cell","ADLIB:RGB","","+","0.295","3.964","23"],
       ["Q_int[5]:CLK","r","net","","CLK_ibuf_RNIVQ04/U0_RGB1_YR","+","0.571","4.535",""],
       ["Q_int[5]:D","","Library setup time","ADLIB:SLE","","-","0.298","4.237",""],
       ["data required time","","","","","","","4.237",""]]]]
}}
