{"header" : {
  "design" : { "name" : "shift_reg32", "design state" : "Post-Layout" },
  "part" : { "family" : "SmartFusion2", "die" : "M2S010", "package" : "144 TQ", "voltage": "1.14 - 1.26 V", "speed": "STD", "operating range" : "0 - 85 C", "data state" : "Production" },
  "timing analysis" : { "analysis type" : "min", "operating conditions" : [ "BEST","TYPICAL","WORST"] } },
 "paths" : {
  "pathlist_header": ["Source Pin","Source Edge","Sink Pin","Sink Edge","Slack (ns)","Arrival (ns)","Required (ns)","Removal (ns)","Check Type","Minimum Period (ns)","External Check (ns)","Clock to Out (ns)","Skew (ns)","Clock Reconvergence Pessimism (ns)","Source Clock Insertion Delay (ns)","Sink Clock Insertion Delay (ns)","Source Clock","Source Clock Edge","Destination Clock","Destination Clock Edge","Logic Stage Count","Max Fanout","Clock Constraint (ns)","Input Delay Constraint (ns)","Output Delay Constraint (ns)","Min Delay Constraint (ns)","Multicycle Constraint","Source Clock Latency Constraint","Destination Clock Latency Constraint","Source Minimum Period (ns)","Destination Minimum Period (ns)","Required External Hold (ns)","Required Min Clock to Out (ns)","Operating Conditions","arrival_steps","required_steps"],
  "steps_header": ["Pin Name","Edge","Type","Cell Name","Net Name","Op","Delay (ns)","Total (ns)","Fanout"],
  "data" : [
     ["Q_int[19]:CLK","R","Q_int[20]:D","R","0.304","1.905","1.601","0.000","Hold","0.000","","1.905","-0.019","","1.582","1.601","CLK","Rising","CLK","Rising","0","","1.667","","","","","","","1.667","1.667","","",0,
      [["Data arrival time calculation","","","","","","","",""],
       ["CLK","","","","","","0.000","0.000",""],
       ["CLK","r","Clock source","","","+","0.000","0.000",""],
       ["CLK_ibuf/U0/U_IOPAD:PAD","r","net","","CLK","+","0.000","0.000",""],
       ["CLK_ibuf/U0/U_IOPAD:Y","r","cell","ADLIB:IOPAD_IN","","+","0.797","0.797","2"],
       ["CLK_ibuf_RNIVQ04:An","f","net","","CLK_ibuf_Z","+","0.036","0.833",""],
       ["CLK_ibuf_RNIVQ04:YSn","f","cell","ADLIB:GB","","+","0.057","0.890","2"],
       ["CLK_ibuf_RNIVQ04/U0_RGB1:An","f","net","","CLK_ibuf_RNIVQ04/U0_YNn_GSouth","+","0.194","1.084",""],
       ["CLK_ibuf_RNIVQ04/U0_RGB1:YR","r","cell","ADLIB:RGB","","+","0.168","1.252","23"],
       ["Q_int[19]:CLK","r","net","","CLK_ibuf_RNIVQ04/U0_RGB1_YR","+","0.330","1.582",""],
       ["Q_int[19]:Q","r","cell","ADLIB:SLE","","+","0.058","1.640","2"],
       ["Q_int[20]:D","r","net","","Q_c[19]","+","0.265","1.905",""],
       ["data arrival time","","","","","","","1.905",""]],
      [["Data required time calculation","","","","","","","",""],
       ["CLK","","Clock Constraint","","","","0.000","0.000",""],
       ["CLK","r","Clock source","","","+","0.000","0.000",""],
       ["CLK_ibuf/U0/U_IOPAD:PAD","r","net","","CLK","+","0.000","0.000",""],
       ["CLK_ibuf/U0/U_IOPAD:Y","r","cell","ADLIB:IOPAD_IN","","+","0.797","0.797","2"],
       ["CLK_ibuf_RNIVQ04:An","f","net","","CLK_ibuf_Z","+","0.036","0.833",""],
       ["CLK_ibuf_RNIVQ04:YSn","f","cell","ADLIB:GB","","+","0.057","0.890","2"],
       ["CLK_ibuf_RNIVQ04/U0_RGB1:An","f","net","","CLK_ibuf_RNIVQ04/U0_YNn_GSouth","+","0.194","1.084",""],
       ["CLK_ibuf_RNIVQ04/U0_RGB1:YR","r","cell","ADLIB:RGB","","+","0.168","1.252","23"],
       ["Q_int[20]:CLK","r","net","","CLK_ibuf_RNIVQ04/U0_RGB1_YR","+","0.349","1.601",""],
       ["Q_int[20]:D","","Library hold time","ADLIB:SLE","","+","0.000","1.601",""],
       ["data required time","","","","","","","1.601",""]]],
     ["Q_int[4]:CLK","R","Q_int[5]:D","R","0.305","1.903","1.598","0.000","Hold","0.000","","1.903","-0.018","","1.580","1.598","CLK","Rising","CLK","Rising","0","","1.667","","","","","","","1.667","1.667","","",0,
      [["Data arrival time calculation","","","","","","","",""],
       ["CLK","","","","","","0.000","0.000",""],
       ["CLK","r","Clock source","","","+","0.000","0.000",""],
       ["CLK_ibuf/U0/U_IOPAD:PAD","r","net","","CLK","+","0.000","0.000",""],
       ["CLK_ibuf/U0/U_IOPAD:Y","r","cell","ADLIB:IOPAD_IN","","+","0.797","0.797","2"],
       ["CLK_ibuf_RNIVQ04:An","f","net","","CLK_ibuf_Z","+","0.036","0.833",""],
       ["CLK_ibuf_RNIVQ04:YSn","f","cell","ADLIB:GB","","+","0.057","0.890","2"],
       ["CLK_ibuf_RNIVQ04/U0_RGB1:An","f","net","","CLK_ibuf_RNIVQ04/U0_YNn_GSouth","+","0.194","1.084",""],
       ["CLK_ibuf_RNIVQ04/U0_RGB1:YR","r","cell","ADLIB:RGB","","+","0.168","1.252","23"],
       ["Q_int[4]:CLK","r","net","","CLK_ibuf_RNIVQ04/U0_RGB1_YR","+","0.328","1.580",""],
       ["Q_int[4]:Q","r","cell","ADLIB:SLE","","+","0.058","1.638","2"],
       ["Q_int[5]:D","r","net","","Q_c[4]","+","0.265","1.903",""],
       ["data arrival time","","","","","","","1.903",""]],
      [["Data required time calculation","","","","","","","",""],
       ["CLK","","Clock Constraint","","","","0.000","0.000",""],
       ["CLK","r","Clock source","","","+","0.000","0.000",""],
       ["CLK_ibuf/U0/U_IOPAD:PAD","r","net","","CLK","+","0.000","0.000",""],
       ["CLK_ibuf/U0/U_IOPAD:Y","r","cell","ADLIB:IOPAD_IN","","+","0.797","0.797","2"],
       ["CLK_ibuf_RNIVQ04:An","f","net","","CLK_ibuf_Z","+","0.036","0.833",""],
       ["CLK_ibuf_RNIVQ04:YSn","f","cell","ADLIB:GB","","+","0.057","0.890","2"],
       ["CLK_ibuf_RNIVQ04/U0_RGB1:An","f","net","","CLK_ibuf_RNIVQ04/U0_YNn_GSouth","+","0.194","1.084",""],
       ["CLK_ibuf_RNIVQ04/U0_RGB1:YR","r","cell","ADLIB:RGB","","+","0.168","1.252","23"],
       ["Q_int[5]:CLK","r","net","","CLK_ibuf_RNIVQ04/U0_RGB1_YR","+","0.346","1.598",""],
       ["Q_int[5]:D","","Library hold time","ADLIB:SLE","","+","0.000","1.598",""],
       ["data required time","","","","","","","1.598",""]]],
     ["Q_int[23]:CLK","R","Q_int[24]:D","R","0.308","1.898","1.590","0.000","Hold","0.000","","1.898","-0.010","","1.580","1.590","CLK","Rising","CLK","Rising","0","","1.667","","","","","","","1.667","1.667","","",0,
      [["Data arrival time calculation","","","","","","","",""],
       ["CLK","","","","","","0.000","0.000",""],
       ["CLK","r","Clock source","","","+","0.000","0.000",""],
       ["CLK_ibuf/U0/U_IOPAD:PAD","r","net","","CLK","+","0.000","0.000",""],
       ["CLK_ibuf/U0/U_IOPAD:Y","r","cell","ADLIB:IOPAD_IN","","+","0.797","0.797","2"],
       ["CLK_ibuf_RNIVQ04:An","f","net","","CLK_ibuf_Z","+","0.036","0.833",""],
       ["CLK_ibuf_RNIVQ04:YSn","f","cell","ADLIB:GB","","+","0.057","0.890","2"],
       ["CLK_ibuf_RNIVQ04/U0_RGB1_RGB0:An","f","net","","CLK_ibuf_RNIVQ04/U0_YNn_GSouth","+","0.194","1.084",""],
       ["CLK_ibuf_RNIVQ04/U0_RGB1_RGB0:YR","r","cell","ADLIB:RGB","","+","0.168","1.252","9"],
       ["Q_int[23]:CLK","r","net","","CLK_ibuf_RNIVQ04/U0_RGB1_RGB0_rgbr_net_1","+","0.328","1.580",""],
       ["Q_int[23]:Q","r","cell","ADLIB:SLE","","+","0.058","1.638","2"],
       ["Q_int[24]:D","r","net","","Q_c[23]","+","0.260","1.898",""],
       ["data arrival time","","","","","","","1.898",""]],
      [["Data required time calculation","","","","","","","",""],
       ["CLK","","Clock Constraint","","","","0.000","0.000",""],
       ["CLK","r","Clock source","","","+","0.000","0.000",""],
       ["CLK_ibuf/U0/U_IOPAD:PAD","r","net","","CLK","+","0.000","0.000",""],
       ["CLK_ibuf/U0/U_IOPAD:Y","r","cell","ADLIB:IOPAD_IN","","+","0.797","0.797","2"],
       ["CLK_ibuf_RNIVQ04:An","f","net","","CLK_ibuf_Z","+","0.036","0.833",""],
       ["CLK_ibuf_RNIVQ04:YSn","f","cell","ADLIB:GB","","+","0.057","0.890","2"],
       ["CLK_ibuf_RNIVQ04/U0_RGB1_RGB0:An","f","net","","CLK_ibuf_RNIVQ04/U0_YNn_GSouth","+","0.194","1.084",""],
       ["CLK_ibuf_RNIVQ04/U0_RGB1_RGB0:YR","r","cell","ADLIB:RGB","","+","0.168","1.252","9"],
       ["Q_int[24]:CLK","r","net","","CLK_ibuf_RNIVQ04/U0_RGB1_RGB0_rgbr_net_1","+","0.338","1.590",""],
       ["Q_int[24]:D","","Library hold time","ADLIB:SLE","","+","0.000","1.590",""],
       ["data required time","","","","","","","1.590",""]]],
     ["Q_int[2]:CLK","R","Q_int[3]:D","R","0.310","1.908","1.598","0.000","Hold","0.000","","1.908","-0.010","","1.588","1.598","CLK","Rising","CLK","Rising","0","","1.667","","","","","","","1.667","1.667","","",0,
      [["Data arrival time calculation","","","","","","","",""],
       ["CLK","","","","","","0.000","0.000",""],
       ["CLK","r","Clock source","","","+","0.000","0.000",""],
       ["CLK_ibuf/U0/U_IOPAD:PAD","r","net","","CLK","+","0.000","0.000",""],
       ["CLK_ibuf/U0/U_IOPAD:Y","r","cell","ADLIB:IOPAD_IN","","+","0.797","0.797","2"],
       ["CLK_ibuf_RNIVQ04:An","f","net","","CLK_ibuf_Z","+","0.036","0.833",""],
       ["CLK_ibuf_RNIVQ04:YSn","f","cell","ADLIB:GB","","+","0.057","0.890","2"],
       ["CLK_ibuf_RNIVQ04/U0_RGB1:An","f","net","","CLK_ibuf_RNIVQ04/U0_YNn_GSouth","+","0.194","1.084",""],
       ["CLK_ibuf_RNIVQ04/U0_RGB1:YR","r","cell","ADLIB:RGB","","+","0.168","1.252","23"],
       ["Q_int[2]:CLK","r","net","","CLK_ibuf_RNIVQ04/U0_RGB1_YR","+","0.336","1.588",""],
       ["Q_int[2]:Q","r","cell","ADLIB:SLE","","+","0.058","1.646","2"],
       ["Q_int[3]:D","r","net","","Q_c[2]","+","0.262","1.908",""],
       ["data arrival time","","","","","","","1.908",""]],
      [["Data required time calculation","","","","","","","",""],
       ["CLK","","Clock Constraint","","","","0.000","0.000",""],
       ["CLK","r","Clock source","","","+","0.000","0.000",""],
       ["CLK_ibuf/U0/U_IOPAD:PAD","r","net","","CLK","+","0.000","0.000",""],
       ["CLK_ibuf/U0/U_IOPAD:Y","r","cell","ADLIB:IOPAD_IN","","+","0.797","0.797","2"],
       ["CLK_ibuf_RNIVQ04:An","f","net","","CLK_ibuf_Z","+","0.036","0.833",""],
       ["CLK_ibuf_RNIVQ04:YSn","f","cell","ADLIB:GB","","+","0.057","0.890","2"],
       ["CLK_ibuf_RNIVQ04/U0_RGB1:An","f","net","","CLK_ibuf_RNIVQ04/U0_YNn_GSouth","+","0.194","1.084",""],
       ["CLK_ibuf_RNIVQ04/U0_RGB1:YR","r","cell","ADLIB:RGB","","+","0.168","1.252","23"],
       ["Q_int[3]:CLK","r","net","","CLK_ibuf_RNIVQ04/U0_RGB1_YR","+","0.346","1.598",""],
       ["Q_int[3]:D","","Library hold time","ADLIB:SLE","","+","0.000","1.598",""],
       ["data required time","","","","","","","1.598",""]]],
     ["Q_int[28]:CLK","R","Q_int[29]:D","R","0.310","1.900","1.590","0.000","Hold","0.000","","1.900","-0.017","","1.573","1.590","CLK","Rising","CLK","Rising","0","","1.667","","","","","","","1.667","1.667","","",0,
      [["Data arrival time calculation","","","","","","","",""],
       ["CLK","","","","","","0.000","0.000",""],
       ["CLK","r","Clock source","","","+","0.000","0.000",""],
       ["CLK_ibuf/U0/U_IOPAD:PAD","r","net","","CLK","+","0.000","0.000",""],
       ["CLK_ibuf/U0/U_IOPAD:Y","r","cell","ADLIB:IOPAD_IN","","+","0.797","0.797","2"],
       ["CLK_ibuf_RNIVQ04:An","f","net","","CLK_ibuf_Z","+","0.036","0.833",""],
       ["CLK_ibuf_RNIVQ04:YSn","f","cell","ADLIB:GB","","+","0.057","0.890","2"],
       ["CLK_ibuf_RNIVQ04/U0_RGB1_RGB0:An","f","net","","CLK_ibuf_RNIVQ04/U0_YNn_GSouth","+","0.194","1.084",""],
       ["CLK_ibuf_RNIVQ04/U0_RGB1_RGB0:YR","r","cell","ADLIB:RGB","","+","0.168","1.252","9"],
       ["Q_int[28]:CLK","r","net","","CLK_ibuf_RNIVQ04/U0_RGB1_RGB0_rgbr_net_1","+","0.321","1.573",""],
       ["Q_int[28]:Q","r","cell","ADLIB:SLE","","+","0.058","1.631","2"],
       ["Q_int[29]:D","r","net","","Q_c[28]","+","0.269","1.900",""],
       ["data arrival time","","","","","","","1.900",""]],
      [["Data required time calculation","","","","","","","",""],
       ["CLK","","Clock Constraint","","","","0.000","0.000",""],
       ["CLK","r","Clock source","","","+","0.000","0.000",""],
       ["CLK_ibuf/U0/U_IOPAD:PAD","r","net","","CLK","+","0.000","0.000",""],
       ["CLK_ibuf/U0/U_IOPAD:Y","r","cell","ADLIB:IOPAD_IN","","+","0.797","0.797","2"],
       ["CLK_ibuf_RNIVQ04:An","f","net","","CLK_ibuf_Z","+","0.036","0.833",""],
       ["CLK_ibuf_RNIVQ04:YSn","f","cell","ADLIB:GB","","+","0.057","0.890","2"],
       ["CLK_ibuf_RNIVQ04/U0_RGB1_RGB0:An","f","net","","CLK_ibuf_RNIVQ04/U0_YNn_GSouth","+","0.194","1.084",""],
       ["CLK_ibuf_RNIVQ04/U0_RGB1_RGB0:YR","r","cell","ADLIB:RGB","","+","0.168","1.252","9"],
       ["Q_int[29]:CLK","r","net","","CLK_ibuf_RNIVQ04/U0_RGB1_RGB0_rgbr_net_1","+","0.338","1.590",""],
       ["Q_int[29]:D","","Library hold time","ADLIB:SLE","","+","0.000","1.590",""],
       ["data required time","","","","","","","1.590",""]]],
     ["Q_int[11]:CLK","R","Q_int[12]:D","R","0.310","1.911","1.601","0.000","Hold","0.000","","1.911","-0.019","","1.582","1.601","CLK","Rising","CLK","Rising","0","","1.667","","","","","","","1.667","1.667","","",0,
      [["Data arrival time calculation","","","","","","","",""],
       ["CLK","","","","","","0.000","0.000",""],
       ["CLK","r","Clock source","","","+","0.000","0.000",""],
       ["CLK_ibuf/U0/U_IOPAD:PAD","r","net","","CLK","+","0.000","0.000",""],
       ["CLK_ibuf/U0/U_IOPAD:Y","r","cell","ADLIB:IOPAD_IN","","+","0.797","0.797","2"],
       ["CLK_ibuf_RNIVQ04:An","f","net","","CLK_ibuf_Z","+","0.036","0.833",""],
       ["CLK_ibuf_RNIVQ04:YSn","f","cell","ADLIB:GB","","+","0.057","0.890","2"],
       ["CLK_ibuf_RNIVQ04/U0_RGB1:An","f","net","","CLK_ibuf_RNIVQ04/U0_YNn_GSouth","+","0.194","1.084",""],
       ["CLK_ibuf_RNIVQ04/U0_RGB1:YR","r","cell","ADLIB:RGB","","+","0.168","1.252","23"],
       ["Q_int[11]:CLK","r","net","","CLK_ibuf_RNIVQ04/U0_RGB1_YR","+","0.330","1.582",""],
       ["Q_int[11]:Q","r","cell","ADLIB:SLE","","+","0.058","1.640","2"],
       ["Q_int[12]:D","r","net","","Q_c[11]","+","0.271","1.911",""],
       ["data arrival time","","","","","","","1.911",""]],
      [["Data required time calculation","","","","","","","",""],
       ["CLK","","Clock Constraint","","","","0.000","0.000",""],
       ["CLK","r","Clock source","","","+","0.000","0.000",""],
       ["CLK_ibuf/U0/U_IOPAD:PAD","r","net","","CLK","+","0.000","0.000",""],
       ["CLK_ibuf/U0/U_IOPAD:Y","r","cell","ADLIB:IOPAD_IN","","+","0.797","0.797","2"],
       ["CLK_ibuf_RNIVQ04:An","f","net","","CLK_ibuf_Z","+","0.036","0.833",""],
       ["CLK_ibuf_RNIVQ04:YSn","f","cell","ADLIB:GB","","+","0.057","0.890","2"],
       ["CLK_ibuf_RNIVQ04/U0_RGB1:An","f","net","","CLK_ibuf_RNIVQ04/U0_YNn_GSouth","+","0.194","1.084",""],
       ["CLK_ibuf_RNIVQ04/U0_RGB1:YR","r","cell","ADLIB:RGB","","+","0.168","1.252","23"],
       ["Q_int[12]:CLK","r","net","","CLK_ibuf_RNIVQ04/U0_RGB1_YR","+","0.349","1.601",""],
       ["Q_int[12]:D","","Library hold time","ADLIB:SLE","","+","0.000","1.601",""],
       ["data required time","","","","","","","1.601",""]]],
     ["Q_int[14]:CLK","R","Q_int[15]:D","R","0.312","1.913","1.601","0.000","Hold","0.000","","1.913","-0.019","","1.582","1.601","CLK","Rising","CLK","Rising","0","","1.667","","","","","","","1.667","1.667","","",0,
      [["Data arrival time calculation","","","","","","","",""],
       ["CLK","","","","","","0.000","0.000",""],
       ["CLK","r","Clock source","","","+","0.000","0.000",""],
       ["CLK_ibuf/U0/U_IOPAD:PAD","r","net","","CLK","+","0.000","0.000",""],
       ["CLK_ibuf/U0/U_IOPAD:Y","r","cell","ADLIB:IOPAD_IN","","+","0.797","0.797","2"],
       ["CLK_ibuf_RNIVQ04:An","f","net","","CLK_ibuf_Z","+","0.036","0.833",""],
       ["CLK_ibuf_RNIVQ04:YSn","f","cell","ADLIB:GB","","+","0.057","0.890","2"],
       ["CLK_ibuf_RNIVQ04/U0_RGB1:An","f","net","","CLK_ibuf_RNIVQ04/U0_YNn_GSouth","+","0.194","1.084",""],
       ["CLK_ibuf_RNIVQ04/U0_RGB1:YR","r","cell","ADLIB:RGB","","+","0.168","1.252","23"],
       ["Q_int[14]:CLK","r","net","","CLK_ibuf_RNIVQ04/U0_RGB1_YR","+","0.330","1.582",""],
       ["Q_int[14]:Q","r","cell","ADLIB:SLE","","+","0.058","1.640","2"],
       ["Q_int[15]:D","r","net","","Q_c[14]","+","0.273","1.913",""],
       ["data arrival time","","","","","","","1.913",""]],
      [["Data required time calculation","","","","","","","",""],
       ["CLK","","Clock Constraint","","","","0.000","0.000",""],
       ["CLK","r","Clock source","","","+","0.000","0.000",""],
       ["CLK_ibuf/U0/U_IOPAD:PAD","r","net","","CLK","+","0.000","0.000",""],
       ["CLK_ibuf/U0/U_IOPAD:Y","r","cell","ADLIB:IOPAD_IN","","+","0.797","0.797","2"],
       ["CLK_ibuf_RNIVQ04:An","f","net","","CLK_ibuf_Z","+","0.036","0.833",""],
       ["CLK_ibuf_RNIVQ04:YSn","f","cell","ADLIB:GB","","+","0.057","0.890","2"],
       ["CLK_ibuf_RNIVQ04/U0_RGB1:An","f","net","","CLK_ibuf_RNIVQ04/U0_YNn_GSouth","+","0.194","1.084",""],
       ["CLK_ibuf_RNIVQ04/U0_RGB1:YR","r","cell","ADLIB:RGB","","+","0.168","1.252","23"],
       ["Q_int[15]:CLK","r","net","","CLK_ibuf_RNIVQ04/U0_RGB1_YR","+","0.349","1.601",""],
       ["Q_int[15]:D","","Library hold time","ADLIB:SLE","","+","0.000","1.601",""],
       ["data required time","","","","","","","1.601",""]]],
     ["Q_int[7]:CLK","R","Q_int[8]:D","R","0.313","1.911","1.598","0.000","Hold","0.000","","1.911","-0.018","","1.580","1.598","CLK","Rising","CLK","Rising","0","","1.667","","","","","","","1.667","1.667","","",0,
      [["Data arrival time calculation","","","","","","","",""],
       ["CLK","","","","","","0.000","0.000",""],
       ["CLK","r","Clock source","","","+","0.000","0.000",""],
       ["CLK_ibuf/U0/U_IOPAD:PAD","r","net","","CLK","+","0.000","0.000",""],
       ["CLK_ibuf/U0/U_IOPAD:Y","r","cell","ADLIB:IOPAD_IN","","+","0.797","0.797","2"],
       ["CLK_ibuf_RNIVQ04:An","f","net","","CLK_ibuf_Z","+","0.036","0.833",""],
       ["CLK_ibuf_RNIVQ04:YSn","f","cell","ADLIB:GB","","+","0.057","0.890","2"],
       ["CLK_ibuf_RNIVQ04/U0_RGB1:An","f","net","","CLK_ibuf_RNIVQ04/U0_YNn_GSouth","+","0.194","1.084",""],
       ["CLK_ibuf_RNIVQ04/U0_RGB1:YR","r","cell","ADLIB:RGB","","+","0.168","1.252","23"],
       ["Q_int[7]:CLK","r","net","","CLK_ibuf_RNIVQ04/U0_RGB1_YR","+","0.328","1.580",""],
       ["Q_int[7]:Q","r","cell","ADLIB:SLE","","+","0.058","1.638","2"],
       ["Q_int[8]:D","r","net","","Q_c[7]","+","0.273","1.911",""],
       ["data arrival time","","","","","","","1.911",""]],
      [["Data required time calculation","","","","","","","",""],
       ["CLK","","Clock Constraint","","","","0.000","0.000",""],
       ["CLK","r","Clock source","","","+","0.000","0.000",""],
       ["CLK_ibuf/U0/U_IOPAD:PAD","r","net","","CLK","+","0.000","0.000",""],
       ["CLK_ibuf/U0/U_IOPAD:Y","r","cell","ADLIB:IOPAD_IN","","+","0.797","0.797","2"],
       ["CLK_ibuf_RNIVQ04:An","f","net","","CLK_ibuf_Z","+","0.036","0.833",""],
       ["CLK_ibuf_RNIVQ04:YSn","f","cell","ADLIB:GB","","+","0.057","0.890","2"],
       ["CLK_ibuf_RNIVQ04/U0_RGB1:An","f","net","","CLK_ibuf_RNIVQ04/U0_YNn_GSouth","+","0.194","1.084",""],
       ["CLK_ibuf_RNIVQ04/U0_RGB1:YR","r","cell","ADLIB:RGB","","+","0.168","1.252","23"],
       ["Q_int[8]:CLK","r","net","","CLK_ibuf_RNIVQ04/U0_RGB1_YR","+","0.346","1.598",""],
       ["Q_int[8]:D","","Library hold time","ADLIB:SLE","","+","0.000","1.598",""],
       ["data required time","","","","","","","1.598",""]]],
     ["Q_int[26]:CLK","R","Q_int[27]:D","R","0.313","1.896","1.583","0.000","Hold","0.000","","1.896","-0.010","","1.573","1.583","CLK","Rising","CLK","Rising","0","","1.667","","","","","","","1.667","1.667","","",0,
      [["Data arrival time calculation","","","","","","","",""],
       ["CLK","","","","","","0.000","0.000",""],
       ["CLK","r","Clock source","","","+","0.000","0.000",""],
       ["CLK_ibuf/U0/U_IOPAD:PAD","r","net","","CLK","+","0.000","0.000",""],
       ["CLK_ibuf/U0/U_IOPAD:Y","r","cell","ADLIB:IOPAD_IN","","+","0.797","0.797","2"],
       ["CLK_ibuf_RNIVQ04:An","f","net","","CLK_ibuf_Z","+","0.036","0.833",""],
       ["CLK_ibuf_RNIVQ04:YSn","f","cell","ADLIB:GB","","+","0.057","0.890","2"],
       ["CLK_ibuf_RNIVQ04/U0_RGB1_RGB0:An","f","net","","CLK_ibuf_RNIVQ04/U0_YNn_GSouth","+","0.194","1.084",""],
       ["CLK_ibuf_RNIVQ04/U0_RGB1_RGB0:YR","r","cell","ADLIB:RGB","","+","0.168","1.252","9"],
       ["Q_int[26]:CLK","r","net","","CLK_ibuf_RNIVQ04/U0_RGB1_RGB0_rgbr_net_1","+","0.321","1.573",""],
       ["Q_int[26]:Q","r","cell","ADLIB:SLE","","+","0.058","1.631","2"],
       ["Q_int[27]:D","r","net","","Q_c[26]","+","0.265","1.896",""],
       ["data arrival time","","","","","","","1.896",""]],
      [["Data required time calculation","","","","","","","",""],
       ["CLK","","Clock Constraint","","","","0.000","0.000",""],
       ["CLK","r","Clock source","","","+","0.000","0.000",""],
       ["CLK_ibuf/U0/U_IOPAD:PAD","r","net","","CLK","+","0.000","0.000",""],
       ["CLK_ibuf/U0/U_IOPAD:Y","r","cell","ADLIB:IOPAD_IN","","+","0.797","0.797","2"],
       ["CLK_ibuf_RNIVQ04:An","f","net","","CLK_ibuf_Z","+","0.036","0.833",""],
       ["CLK_ibuf_RNIVQ04:YSn","f","cell","ADLIB:GB","","+","0.057","0.890","2"],
       ["CLK_ibuf_RNIVQ04/U0_RGB1_RGB0:An","f","net","","CLK_ibuf_RNIVQ04/U0_YNn_GSouth","+","0.194","1.084",""],
       ["CLK_ibuf_RNIVQ04/U0_RGB1_RGB0:YR","r","cell","ADLIB:RGB","","+","0.168","1.252","9"],
       ["Q_int[27]:CLK","r","net","","CLK_ibuf_RNIVQ04/U0_RGB1_RGB0_rgbr_net_1","+","0.331","1.583",""],
       ["Q_int[27]:D","","Library hold time","ADLIB:SLE","","+","0.000","1.583",""],
       ["data required time","","","","","","","1.583",""]]],
     ["Q_int[0]:CLK","R","Q_int[1]:D","R","0.313","1.911","1.598","0.000","Hold","0.000","","1.911","-0.018","","1.580","1.598","CLK","Rising","CLK","Rising","0","","1.667","","","","","","","1.667","1.667","","",0,
      [["Data arrival time calculation","","","","","","","",""],
       ["CLK","","","","","","0.000","0.000",""],
       ["CLK","r","Clock source","","","+","0.000","0.000",""],
       ["CLK_ibuf/U0/U_IOPAD:PAD","r","net","","CLK","+","0.000","0.000",""],
       ["CLK_ibuf/U0/U_IOPAD:Y","r","cell","ADLIB:IOPAD_IN","","+","0.797","0.797","2"],
       ["CLK_ibuf_RNIVQ04:An","f","net","","CLK_ibuf_Z","+","0.036","0.833",""],
       ["CLK_ibuf_RNIVQ04:YSn","f","cell","ADLIB:GB","","+","0.057","0.890","2"],
       ["CLK_ibuf_RNIVQ04/U0_RGB1:An","f","net","","CLK_ibuf_RNIVQ04/U0_YNn_GSouth","+","0.194","1.084",""],
       ["CLK_ibuf_RNIVQ04/U0_RGB1:YR","r","cell","ADLIB:RGB","","+","0.168","1.252","23"],
       ["Q_int[0]:CLK","r","net","","CLK_ibuf_RNIVQ04/U0_RGB1_YR","+","0.328","1.580",""],
       ["Q_int[0]:Q","r","cell","ADLIB:SLE","","+","0.058","1.638","2"],
       ["Q_int[1]:D","r","net","","Q_c[0]","+","0.273","1.911",""],
       ["data arrival time","","","","","","","1.911",""]],
      [["Data required time calculation","","","","","","","",""],
       ["CLK","","Clock Constraint","","","","0.000","0.000",""],
       ["CLK","r","Clock source","","","+","0.000","0.000",""],
       ["CLK_ibuf/U0/U_IOPAD:PAD","r","net","","CLK","+","0.000","0.000",""],
       ["CLK_ibuf/U0/U_IOPAD:Y","r","cell","ADLIB:IOPAD_IN","","+","0.797","0.797","2"],
       ["CLK_ibuf_RNIVQ04:An","f","net","","CLK_ibuf_Z","+","0.036","0.833",""],
       ["CLK_ibuf_RNIVQ04:YSn","f","cell","ADLIB:GB","","+","0.057","0.890","2"],
       ["CLK_ibuf_RNIVQ04/U0_RGB1:An","f","net","","CLK_ibuf_RNIVQ04/U0_YNn_GSouth","+","0.194","1.084",""],
       ["CLK_ibuf_RNIVQ04/U0_RGB1:YR","r","cell","ADLIB:RGB","","+","0.168","1.252","23"],
       ["Q_int[1]:CLK","r","net","","CLK_ibuf_RNIVQ04/U0_RGB1_YR","+","0.346","1.598",""],
       ["Q_int[1]:D","","Library hold time","ADLIB:SLE","","+","0.000","1.598",""],
       ["data required time","","","","","","","1.598",""]]],
     ["Q_int[5]:CLK","R","Q_int[6]:D","R","0.316","1.906","1.590","0.000","Hold","0.000","","1.906","-0.002","","1.588","1.590","CLK","Rising","CLK","Rising","0","","1.667","","","","","","","1.667","1.667","","",0,
      [["Data arrival time calculation","","","","","","","",""],
       ["CLK","","","","","","0.000","0.000",""],
       ["CLK","r","Clock source","","","+","0.000","0.000",""],
       ["CLK_ibuf/U0/U_IOPAD:PAD","r","net","","CLK","+","0.000","0.000",""],
       ["CLK_ibuf/U0/U_IOPAD:Y","r","cell","ADLIB:IOPAD_IN","","+","0.797","0.797","2"],
       ["CLK_ibuf_RNIVQ04:An","f","net","","CLK_ibuf_Z","+","0.036","0.833",""],
       ["CLK_ibuf_RNIVQ04:YSn","f","cell","ADLIB:GB","","+","0.057","0.890","2"],
       ["CLK_ibuf_RNIVQ04/U0_RGB1:An","f","net","","CLK_ibuf_RNIVQ04/U0_YNn_GSouth","+","0.194","1.084",""],
       ["CLK_ibuf_RNIVQ04/U0_RGB1:YR","r","cell","ADLIB:RGB","","+","0.168","1.252","23"],
       ["Q_int[5]:CLK","r","net","","CLK_ibuf_RNIVQ04/U0_RGB1_YR","+","0.336","1.588",""],
       ["Q_int[5]:Q","r","cell","ADLIB:SLE","","+","0.058","1.646","2"],
       ["Q_int[6]:D","r","net","","Q_c[5]","+","0.260","1.906",""],
       ["data arrival time","","","","","","","1.906",""]],
      [["Data required time calculation","","","","","","","",""],
       ["CLK","","Clock Constraint","","","","0.000","0.000",""],
       ["CLK","r","Clock source","","","+","0.000","0.000",""],
       ["CLK_ibuf/U0/U_IOPAD:PAD","r","net","","CLK","+","0.000","0.000",""],
       ["CLK_ibuf/U0/U_IOPAD:Y","r","cell","ADLIB:IOPAD_IN","","+","0.797","0.797","2"],
       ["CLK_ibuf_RNIVQ04:An","f","net","","CLK_ibuf_Z","+","0.036","0.833",""],
       ["CLK_ibuf_RNIVQ04:YSn","f","cell","ADLIB:GB","","+","0.057","0.890","2"],
       ["CLK_ibuf_RNIVQ04/U0_RGB1:An","f","net","","CLK_ibuf_RNIVQ04/U0_YNn_GSouth","+","0.194","1.084",""],
       ["CLK_ibuf_RNIVQ04/U0_RGB1:YR","r","cell","ADLIB:RGB","","+","0.168","1.252","23"],
       ["Q_int[6]:CLK","r","net","","CLK_ibuf_RNIVQ04/U0_RGB1_YR","+","0.338","1.590",""],
       ["Q_int[6]:D","","Library hold time","ADLIB:SLE","","+","0.000","1.590",""],
       ["data required time","","","","","","","1.590",""]]],
     ["Q_int[12]:CLK","R","Q_int[13]:D","R","0.316","1.908","1.592","0.000","Hold","0.000","","1.908","-0.002","","1.590","1.592","CLK","Rising","CLK","Rising","0","","1.667","","","","","","","1.667","1.667","","",0,
      [["Data arrival time calculation","","","","","","","",""],
       ["CLK","","","","","","0.000","0.000",""],
       ["CLK","r","Clock source","","","+","0.000","0.000",""],
       ["CLK_ibuf/U0/U_IOPAD:PAD","r","net","","CLK","+","0.000","0.000",""],
       ["CLK_ibuf/U0/U_IOPAD:Y","r","cell","ADLIB:IOPAD_IN","","+","0.797","0.797","2"],
       ["CLK_ibuf_RNIVQ04:An","f","net","","CLK_ibuf_Z","+","0.036","0.833",""],
       ["CLK_ibuf_RNIVQ04:YSn","f","cell","ADLIB:GB","","+","0.057","0.890","2"],
       ["CLK_ibuf_RNIVQ04/U0_RGB1:An","f","net","","CLK_ibuf_RNIVQ04/U0_YNn_GSouth","+","0.194","1.084",""],
       ["CLK_ibuf_RNIVQ04/U0_RGB1:YR","r","cell","ADLIB:RGB","","+","0.168","1.252","23"],
       ["Q_int[12]:CLK","r","net","","CLK_ibuf_RNIVQ04/U0_RGB1_YR","+","0.338","1.590",""],
       ["Q_int[12]:Q","r","cell","ADLIB:SLE","","+","0.058","1.648","2"],
       ["Q_int[13]:D","r","net","","Q_c[12]","+","0.260","1.908",""],
       ["data arrival time","","","","","","","1.908",""]],
      [["Data required time calculation","","","","","","","",""],
       ["CLK","","Clock Constraint","","","","0.000","0.000",""],
       ["CLK","r","Clock source","","","+","0.000","0.000",""],
       ["CLK_ibuf/U0/U_IOPAD:PAD","r","net","","CLK","+","0.000","0.000",""],
       ["CLK_ibuf/U0/U_IOPAD:Y","r","cell","ADLIB:IOPAD_IN","","+","0.797","0.797","2"],
       ["CLK_ibuf_RNIVQ04:An","f","net","","CLK_ibuf_Z","+","0.036","0.833",""],
       ["CLK_ibuf_RNIVQ04:YSn","f","cell","ADLIB:GB","","+","0.057","0.890","2"],
       ["CLK_ibuf_RNIVQ04/U0_RGB1:An","f","net","","CLK_ibuf_RNIVQ04/U0_YNn_GSouth","+","0.194","1.084",""],
       ["CLK_ibuf_RNIVQ04/U0_RGB1:YR","r","cell","ADLIB:RGB","","+","0.168","1.252","23"],
       ["Q_int[13]:CLK","r","net","","CLK_ibuf_RNIVQ04/U0_RGB1_YR","+","0.340","1.592",""],
       ["Q_int[13]:D","","Library hold time","ADLIB:SLE","","+","0.000","1.592",""],
       ["data required time","","","","","","","1.592",""]]],
     ["Q_int[8]:CLK","R","Q_int[9]:D","R","0.317","1.915","1.598","0.000","Hold","0.000","","1.915","-0.010","","1.588","1.598","CLK","Rising","CLK","Rising","0","","1.667","","","","","","","1.667","1.667","","",0,
      [["Data arrival time calculation","","","","","","","",""],
       ["CLK","","","","","","0.000","0.000",""],
       ["CLK","r","Clock source","","","+","0.000","0.000",""],
       ["CLK_ibuf/U0/U_IOPAD:PAD","r","net","","CLK","+","0.000","0.000",""],
       ["CLK_ibuf/U0/U_IOPAD:Y","r","cell","ADLIB:IOPAD_IN","","+","0.797","0.797","2"],
       ["CLK_ibuf_RNIVQ04:An","f","net","","CLK_ibuf_Z","+","0.036","0.833",""],
       ["CLK_ibuf_RNIVQ04:YSn","f","cell","ADLIB:GB","","+","0.057","0.890","2"],
       ["CLK_ibuf_RNIVQ04/U0_RGB1:An","f","net","","CLK_ibuf_RNIVQ04/U0_YNn_GSouth","+","0.194","1.084",""],
       ["CLK_ibuf_RNIVQ04/U0_RGB1:YR","r","cell","ADLIB:RGB","","+","0.168","1.252","23"],
       ["Q_int[8]:CLK","r","net","","CLK_ibuf_RNIVQ04/U0_RGB1_YR","+","0.336","1.588",""],
       ["Q_int[8]:Q","r","cell","ADLIB:SLE","","+","0.058","1.646","2"],
       ["Q_int[9]:D","r","net","","Q_c[8]","+","0.269","1.915",""],
       ["data arrival time","","","","","","","1.915",""]],
      [["Data required time calculation","","","","","","","",""],
       ["CLK","","Clock Constraint","","","","0.000","0.000",""],
       ["CLK","r","Clock source","","","+","0.000","0.000",""],
       ["CLK_ibuf/U0/U_IOPAD:PAD","r","net","","CLK","+","0.000","0.000",""],
       ["CLK_ibuf/U0/U_IOPAD:Y","r","cell","ADLIB:IOPAD_IN","","+","0.797","0.797","2"],
       ["CLK_ibuf_RNIVQ04:An","f","net","","CLK_ibuf_Z","+","0.036","0.833",""],
       ["CLK_ibuf_RNIVQ04:YSn","f","cell","ADLIB:GB","","+","0.057","0.890","2"],
       ["CLK_ibuf_RNIVQ04/U0_RGB1:An","f","net","","CLK_ibuf_RNIVQ04/U0_YNn_GSouth","+","0.194","1.084",""],
       ["CLK_ibuf_RNIVQ04/U0_RGB1:YR","r","cell","ADLIB:RGB","","+","0.168","1.252","23"],
       ["Q_int[9]:CLK","r","net","","CLK_ibuf_RNIVQ04/U0_RGB1_YR","+","0.346","1.598",""],
       ["Q_int[9]:D","","Library hold time","ADLIB:SLE","","+","0.000","1.598",""],
       ["data required time","","","","","","","1.598",""]]],
     ["Q_int[18]:CLK","R","Q_int[19]:D","R","0.318","1.910","1.592","0.000","Hold","0.000","","1.910","-0.002","","1.590","1.592","CLK","Rising","CLK","Rising","0","","1.667","","","","","","","1.667","1.667","","",0,
      [["Data arrival time calculation","","","","","","","",""],
       ["CLK","","","","","","0.000","0.000",""],
       ["CLK","r","Clock source","","","+","0.000","0.000",""],
       ["CLK_ibuf/U0/U_IOPAD:PAD","r","net","","CLK","+","0.000","0.000",""],
       ["CLK_ibuf/U0/U_IOPAD:Y","r","cell","ADLIB:IOPAD_IN","","+","0.797","0.797","2"],
       ["CLK_ibuf_RNIVQ04:An","f","net","","CLK_ibuf_Z","+","0.036","0.833",""],
       ["CLK_ibuf_RNIVQ04:YSn","f","cell","ADLIB:GB","","+","0.057","0.890","2"],
       ["CLK_ibuf_RNIVQ04/U0_RGB1:An","f","net","","CLK_ibuf_RNIVQ04/U0_YNn_GSouth","+","0.194","1.084",""],
       ["CLK_ibuf_RNIVQ04/U0_RGB1:YR","r","cell","ADLIB:RGB","","+","0.168","1.252","23"],
       ["Q_int[18]:CLK","r","net","","CLK_ibuf_RNIVQ04/U0_RGB1_YR","+","0.338","1.590",""],
       ["Q_int[18]:Q","r","cell","ADLIB:SLE","","+","0.058","1.648","2"],
       ["Q_int[19]:D","r","net","","Q_c[18]","+","0.262","1.910",""],
       ["data arrival time","","","","","","","1.910",""]],
      [["Data required time calculation","","","","","","","",""],
       ["CLK","","Clock Constraint","","","","0.000","0.000",""],
       ["CLK","r","Clock source","","","+","0.000","0.000",""],
       ["CLK_ibuf/U0/U_IOPAD:PAD","r","net","","CLK","+","0.000","0.000",""],
       ["CLK_ibuf/U0/U_IOPAD:Y","r","cell","ADLIB:IOPAD_IN","","+","0.797","0.797","2"],
       ["CLK_ibuf_RNIVQ04:An","f","net","","CLK_ibuf_Z","+","0.036","0.833",""],
       ["CLK_ibuf_RNIVQ04:YSn","f","cell","ADLIB:GB","","+","0.057","0.890","2"],
       ["CLK_ibuf_RNIVQ04/U0_RGB1:An","f","net","","CLK_ibuf_RNIVQ04/U0_YNn_GSouth","+","0.194","1.084",""],
       ["CLK_ibuf_RNIVQ04/U0_RGB1:YR","r","cell","ADLIB:RGB","","+","0.168","1.252","23"],
       ["Q_int[19]:CLK","r","net","","CLK_ibuf_RNIVQ04/U0_RGB1_YR","+","0.340","1.592",""],
       ["Q_int[19]:D","","Library hold time","ADLIB:SLE","","+","0.000","1.592",""],
       ["data required time","","","","","","","1.592",""]]],
     ["Q_int[17]:CLK","R","Q_int[18]:D","R","0.318","1.919","1.601","0.000","Hold","0.000","","1.919","-0.011","","1.590","1.601","CLK","Rising","CLK","Rising","0","","1.667","","","","","","","1.667","1.667","","",0,
      [["Data arrival time calculation","","","","","","","",""],
       ["CLK","","","","","","0.000","0.000",""],
       ["CLK","r","Clock source","","","+","0.000","0.000",""],
       ["CLK_ibuf/U0/U_IOPAD:PAD","r","net","","CLK","+","0.000","0.000",""],
       ["CLK_ibuf/U0/U_IOPAD:Y","r","cell","ADLIB:IOPAD_IN","","+","0.797","0.797","2"],
       ["CLK_ibuf_RNIVQ04:An","f","net","","CLK_ibuf_Z","+","0.036","0.833",""],
       ["CLK_ibuf_RNIVQ04:YSn","f","cell","ADLIB:GB","","+","0.057","0.890","2"],
       ["CLK_ibuf_RNIVQ04/U0_RGB1:An","f","net","","CLK_ibuf_RNIVQ04/U0_YNn_GSouth","+","0.194","1.084",""],
       ["CLK_ibuf_RNIVQ04/U0_RGB1:YR","r","cell","ADLIB:RGB","","+","0.168","1.252","23"],
       ["Q_int[17]:CLK","r","net","","CLK_ibuf_RNIVQ04/U0_RGB1_YR","+","0.338","1.590",""],
       ["Q_int[17]:Q","r","cell","ADLIB:SLE","","+","0.058","1.648","2"],
       ["Q_int[18]:D","r","net","","Q_c[17]","+","0.271","1.919",""],
       ["data arrival time","","","","","","","1.919",""]],
      [["Data required time calculation","","","","","","","",""],
       ["CLK","","Clock Constraint","","","","0.000","0.000",""],
       ["CLK","r","Clock source","","","+","0.000","0.000",""],
       ["CLK_ibuf/U0/U_IOPAD:PAD","r","net","","CLK","+","0.000","0.000",""],
       ["CLK_ibuf/U0/U_IOPAD:Y","r","cell","ADLIB:IOPAD_IN","","+","0.797","0.797","2"],
       ["CLK_ibuf_RNIVQ04:An","f","net","","CLK_ibuf_Z","+","0.036","0.833",""],
       ["CLK_ibuf_RNIVQ04:YSn","f","cell","ADLIB:GB","","+","0.057","0.890","2"],
       ["CLK_ibuf_RNIVQ04/U0_RGB1:An","f","net","","CLK_ibuf_RNIVQ04/U0_YNn_GSouth","+","0.194","1.084",""],
       ["CLK_ibuf_RNIVQ04/U0_RGB1:YR","r","cell","ADLIB:RGB","","+","0.168","1.252","23"],
       ["Q_int[18]:CLK","r","net","","CLK_ibuf_RNIVQ04/U0_RGB1_YR","+","0.349","1.601",""],
       ["Q_int[18]:D","","Library hold time","ADLIB:SLE","","+","0.000","1.601",""],
       ["data required time","","","","","","","1.601",""]]],
     ["Q_int[24]:CLK","R","Q_int[25]:D","R","0.319","1.909","1.590","0.000","Hold","0.000","","1.909","-0.010","","1.580","1.590","CLK","Rising","CLK","Rising","0","","1.667","","","","","","","1.667","1.667","","",0,
      [["Data arrival time calculation","","","","","","","",""],
       ["CLK","","","","","","0.000","0.000",""],
       ["CLK","r","Clock source","","","+","0.000","0.000",""],
       ["CLK_ibuf/U0/U_IOPAD:PAD","r","net","","CLK","+","0.000","0.000",""],
       ["CLK_ibuf/U0/U_IOPAD:Y","r","cell","ADLIB:IOPAD_IN","","+","0.797","0.797","2"],
       ["CLK_ibuf_RNIVQ04:An","f","net","","CLK_ibuf_Z","+","0.036","0.833",""],
       ["CLK_ibuf_RNIVQ04:YSn","f","cell","ADLIB:GB","","+","0.057","0.890","2"],
       ["CLK_ibuf_RNIVQ04/U0_RGB1_RGB0:An","f","net","","CLK_ibuf_RNIVQ04/U0_YNn_GSouth","+","0.194","1.084",""],
       ["CLK_ibuf_RNIVQ04/U0_RGB1_RGB0:YR","r","cell","ADLIB:RGB","","+","0.168","1.252","9"],
       ["Q_int[24]:CLK","r","net","","CLK_ibuf_RNIVQ04/U0_RGB1_RGB0_rgbr_net_1","+","0.328","1.580",""],
       ["Q_int[24]:Q","r","cell","ADLIB:SLE","","+","0.058","1.638","2"],
       ["Q_int[25]:D","r","net","","Q_c[24]","+","0.271","1.909",""],
       ["data arrival time","","","","","","","1.909",""]],
      [["Data required time calculation","","","","","","","",""],
       ["CLK","","Clock Constraint","","","","0.000","0.000",""],
       ["CLK","r","Clock source","","","+","0.000","0.000",""],
       ["CLK_ibuf/U0/U_IOPAD:PAD","r","net","","CLK","+","0.000","0.000",""],
       ["CLK_ibuf/U0/U_IOPAD:Y","r","cell","ADLIB:IOPAD_IN","","+","0.797","0.797","2"],
       ["CLK_ibuf_RNIVQ04:An","f","net","","CLK_ibuf_Z","+","0.036","0.833",""],
       ["CLK_ibuf_RNIVQ04:YSn","f","cell","ADLIB:GB","","+","0.057","0.890","2"],
       ["CLK_ibuf_RNIVQ04/U0_RGB1_RGB0:An","f","net","","CLK_ibuf_RNIVQ04/U0_YNn_GSouth","+","0.194","1.084",""],
       ["CLK_ibuf_RNIVQ04/U0_RGB1_RGB0:YR","r","cell","ADLIB:RGB","","+","0.168","1.252","9"],
       ["Q_int[25]:CLK","r","net","","CLK_ibuf_RNIVQ04/U0_RGB1_RGB0_rgbr_net_1","+","0.338","1.590",""],
       ["Q_int[25]:D","","Library hold time","ADLIB:SLE","","+","0.000","1.590",""],
       ["data required time","","","","","","","1.590",""]]],
     ["Q_int[20]:CLK","R","Q_int[21]:D","R","0.319","1.919","1.600","0.000","Hold","0.000","","1.919","-0.010","","1.590","1.600","CLK","Rising","CLK","Rising","0","","1.667","","","","","","","1.667","1.667","","",0,
      [["Data arrival time calculation","","","","","","","",""],
       ["CLK","","","","","","0.000","0.000",""],
       ["CLK","r","Clock source","","","+","0.000","0.000",""],
       ["CLK_ibuf/U0/U_IOPAD:PAD","r","net","","CLK","+","0.000","0.000",""],
       ["CLK_ibuf/U0/U_IOPAD:Y","r","cell","ADLIB:IOPAD_IN","","+","0.797","0.797","2"],
       ["CLK_ibuf_RNIVQ04:An","f","net","","CLK_ibuf_Z","+","0.036","0.833",""],
       ["CLK_ibuf_RNIVQ04:YSn","f","cell","ADLIB:GB","","+","0.057","0.890","2"],
       ["CLK_ibuf_RNIVQ04/U0_RGB1:An","f","net","","CLK_ibuf_RNIVQ04/U0_YNn_GSouth","+","0.194","1.084",""],
       ["CLK_ibuf_RNIVQ04/U0_RGB1:YR","r","cell","ADLIB:RGB","","+","0.168","1.252","23"],
       ["Q_int[20]:CLK","r","net","","CLK_ibuf_RNIVQ04/U0_RGB1_YR","+","0.338","1.590",""],
       ["Q_int[20]:Q","r","cell","ADLIB:SLE","","+","0.058","1.648","2"],
       ["Q_int[21]:D","r","net","","Q_c[20]","+","0.271","1.919",""],
       ["data arrival time","","","","","","","1.919",""]],
      [["Data required time calculation","","","","","","","",""],
       ["CLK","","Clock Constraint","","","","0.000","0.000",""],
       ["CLK","r","Clock source","","","+","0.000","0.000",""],
       ["CLK_ibuf/U0/U_IOPAD:PAD","r","net","","CLK","+","0.000","0.000",""],
       ["CLK_ibuf/U0/U_IOPAD:Y","r","cell","ADLIB:IOPAD_IN","","+","0.797","0.797","2"],
       ["CLK_ibuf_RNIVQ04:An","f","net","","CLK_ibuf_Z","+","0.036","0.833",""],
       ["CLK_ibuf_RNIVQ04:YSn","f","cell","ADLIB:GB","","+","0.057","0.890","2"],
       ["CLK_ibuf_RNIVQ04/U0_RGB1:An","f","net","","CLK_ibuf_RNIVQ04/U0_YNn_GSouth","+","0.194","1.084",""],
       ["CLK_ibuf_RNIVQ04/U0_RGB1:YR","r","cell","ADLIB:RGB","","+","0.168","1.252","23"],
       ["Q_int[21]:CLK","r","net","","CLK_ibuf_RNIVQ04/U0_RGB1_YR","+","0.348","1.600",""],
       ["Q_int[21]:D","","Library hold time","ADLIB:SLE","","+","0.000","1.600",""],
       ["data required time","","","","","","","1.600",""]]],
     ["Q_int[1]:CLK","R","Q_int[2]:D","R","0.319","1.917","1.598","0.000","Hold","0.000","","1.917","-0.010","","1.588","1.598","CLK","Rising","CLK","Rising","0","","1.667","","","","","","","1.667","1.667","","",0,
      [["Data arrival time calculation","","","","","","","",""],
       ["CLK","","","","","","0.000","0.000",""],
       ["CLK","r","Clock source","","","+","0.000","0.000",""],
       ["CLK_ibuf/U0/U_IOPAD:PAD","r","net","","CLK","+","0.000","0.000",""],
       ["CLK_ibuf/U0/U_IOPAD:Y","r","cell","ADLIB:IOPAD_IN","","+","0.797","0.797","2"],
       ["CLK_ibuf_RNIVQ04:An","f","net","","CLK_ibuf_Z","+","0.036","0.833",""],
       ["CLK_ibuf_RNIVQ04:YSn","f","cell","ADLIB:GB","","+","0.057","0.890","2"],
       ["CLK_ibuf_RNIVQ04/U0_RGB1:An","f","net","","CLK_ibuf_RNIVQ04/U0_YNn_GSouth","+","0.194","1.084",""],
       ["CLK_ibuf_RNIVQ04/U0_RGB1:YR","r","cell","ADLIB:RGB","","+","0.168","1.252","23"],
       ["Q_int[1]:CLK","r","net","","CLK_ibuf_RNIVQ04/U0_RGB1_YR","+","0.336","1.588",""],
       ["Q_int[1]:Q","r","cell","ADLIB:SLE","","+","0.058","1.646","2"],
       ["Q_int[2]:D","r","net","","Q_c[1]","+","0.271","1.917",""],
       ["data arrival time","","","","","","","1.917",""]],
      [["Data required time calculation","","","","","","","",""],
       ["CLK","","Clock Constraint","","","","0.000","0.000",""],
       ["CLK","r","Clock source","","","+","0.000","0.000",""],
       ["CLK_ibuf/U0/U_IOPAD:PAD","r","net","","CLK","+","0.000","0.000",""],
       ["CLK_ibuf/U0/U_IOPAD:Y","r","cell","ADLIB:IOPAD_IN","","+","0.797","0.797","2"],
       ["CLK_ibuf_RNIVQ04:An","f","net","","CLK_ibuf_Z","+","0.036","0.833",""],
       ["CLK_ibuf_RNIVQ04:YSn","f","cell","ADLIB:GB","","+","0.057","0.890","2"],
       ["CLK_ibuf_RNIVQ04/U0_RGB1:An","f","net","","CLK_ibuf_RNIVQ04/U0_YNn_GSouth","+","0.194","1.084",""],
       ["CLK_ibuf_RNIVQ04/U0_RGB1:YR","r","cell","ADLIB:RGB","","+","0.168","1.252","23"],
       ["Q_int[2]:CLK","r","net","","CLK_ibuf_RNIVQ04/U0_RGB1_YR","+","0.346","1.598",""],
       ["Q_int[2]:D","","Library hold time","ADLIB:SLE","","+","0.000","1.598",""],
       ["data required time","","","","","","","1.598",""]]],
     ["Q_int[27]:CLK","R","Q_int[28]:D","R","0.320","1.903","1.583","0.000","Hold","0.000","","1.903","-0.010","","1.573","1.583","CLK","Rising","CLK","Rising","0","","1.667","","","","","","","1.667","1.667","","",0,
      [["Data arrival time calculation","","","","","","","",""],
       ["CLK","","","","","","0.000","0.000",""],
       ["CLK","r","Clock source","","","+","0.000","0.000",""],
       ["CLK_ibuf/U0/U_IOPAD:PAD","r","net","","CLK","+","0.000","0.000",""],
       ["CLK_ibuf/U0/U_IOPAD:Y","r","cell","ADLIB:IOPAD_IN","","+","0.797","0.797","2"],
       ["CLK_ibuf_RNIVQ04:An","f","net","","CLK_ibuf_Z","+","0.036","0.833",""],
       ["CLK_ibuf_RNIVQ04:YSn","f","cell","ADLIB:GB","","+","0.057","0.890","2"],
       ["CLK_ibuf_RNIVQ04/U0_RGB1_RGB0:An","f","net","","CLK_ibuf_RNIVQ04/U0_YNn_GSouth","+","0.194","1.084",""],
       ["CLK_ibuf_RNIVQ04/U0_RGB1_RGB0:YR","r","cell","ADLIB:RGB","","+","0.168","1.252","9"],
       ["Q_int[27]:CLK","r","net","","CLK_ibuf_RNIVQ04/U0_RGB1_RGB0_rgbr_net_1","+","0.321","1.573",""],
       ["Q_int[27]:Q","r","cell","ADLIB:SLE","","+","0.058","1.631","2"],
       ["Q_int[28]:D","r","net","","Q_c[27]","+","0.272","1.903",""],
       ["data arrival time","","","","","","","1.903",""]],
      [["Data required time calculation","","","","","","","",""],
       ["CLK","","Clock Constraint","","","","0.000","0.000",""],
       ["CLK","r","Clock source","","","+","0.000","0.000",""],
       ["CLK_ibuf/U0/U_IOPAD:PAD","r","net","","CLK","+","0.000","0.000",""],
       ["CLK_ibuf/U0/U_IOPAD:Y","r","cell","ADLIB:IOPAD_IN","","+","0.797","0.797","2"],
       ["CLK_ibuf_RNIVQ04:An","f","net","","CLK_ibuf_Z","+","0.036","0.833",""],
       ["CLK_ibuf_RNIVQ04:YSn","f","cell","ADLIB:GB","","+","0.057","0.890","2"],
       ["CLK_ibuf_RNIVQ04/U0_RGB1_RGB0:An","f","net","","CLK_ibuf_RNIVQ04/U0_YNn_GSouth","+","0.194","1.084",""],
       ["CLK_ibuf_RNIVQ04/U0_RGB1_RGB0:YR","r","cell","ADLIB:RGB","","+","0.168","1.252","9"],
       ["Q_int[28]:CLK","r","net","","CLK_ibuf_RNIVQ04/U0_RGB1_RGB0_rgbr_net_1","+","0.331","1.583",""],
       ["Q_int[28]:D","","Library hold time","ADLIB:SLE","","+","0.000","1.583",""],
       ["data required time","","","","","","","1.583",""]]],
     ["Q_int[3]:CLK","R","Q_int[4]:D","R","0.321","1.911","1.590","0.000","Hold","0.000","","1.911","-0.002","","1.588","1.590","CLK","Rising","CLK","Rising","0","","1.667","","","","","","","1.667","1.667","","",0,
      [["Data arrival time calculation","","","","","","","",""],
       ["CLK","","","","","","0.000","0.000",""],
       ["CLK","r","Clock source","","","+","0.000","0.000",""],
       ["CLK_ibuf/U0/U_IOPAD:PAD","r","net","","CLK","+","0.000","0.000",""],
       ["CLK_ibuf/U0/U_IOPAD:Y","r","cell","ADLIB:IOPAD_IN","","+","0.797","0.797","2"],
       ["CLK_ibuf_RNIVQ04:An","f","net","","CLK_ibuf_Z","+","0.036","0.833",""],
       ["CLK_ibuf_RNIVQ04:YSn","f","cell","ADLIB:GB","","+","0.057","0.890","2"],
       ["CLK_ibuf_RNIVQ04/U0_RGB1:An","f","net","","CLK_ibuf_RNIVQ04/U0_YNn_GSouth","+","0.194","1.084",""],
       ["CLK_ibuf_RNIVQ04/U0_RGB1:YR","r","cell","ADLIB:RGB","","+","0.168","1.252","23"],
       ["Q_int[3]:CLK","r","net","","CLK_ibuf_RNIVQ04/U0_RGB1_YR","+","0.336","1.588",""],
       ["Q_int[3]:Q","r","cell","ADLIB:SLE","","+","0.058","1.646","2"],
       ["Q_int[4]:D","r","net","","Q_c[3]","+","0.265","1.911",""],
       ["data arrival time","","","","","","","1.911",""]],
      [["Data required time calculation","","","","","","","",""],
       ["CLK","","Clock Constraint","","","","0.000","0.000",""],
       ["CLK","r","Clock source","","","+","0.000","0.000",""],
       ["CLK_ibuf/U0/U_IOPAD:PAD","r","net","","CLK","+","0.000","0.000",""],
       ["CLK_ibuf/U0/U_IOPAD:Y","r","cell","ADLIB:IOPAD_IN","","+","0.797","0.797","2"],
       ["CLK_ibuf_RNIVQ04:An","f","net","","CLK_ibuf_Z","+","0.036","0.833",""],
       ["CLK_ibuf_RNIVQ04:YSn","f","cell","ADLIB:GB","","+","0.057","0.890","2"],
       ["CLK_ibuf_RNIVQ04/U0_RGB1:An","f","net","","CLK_ibuf_RNIVQ04/U0_YNn_GSouth","+","0.194","1.084",""],
       ["CLK_ibuf_RNIVQ04/U0_RGB1:YR","r","cell","ADLIB:RGB","","+","0.168","1.252","23"],
       ["Q_int[4]:CLK","r","net","","CLK_ibuf_RNIVQ04/U0_RGB1_YR","+","0.338","1.590",""],
       ["Q_int[4]:D","","Library hold time","ADLIB:SLE","","+","0.000","1.590",""],
       ["data required time","","","","","","","1.590",""]]],
     ["Q_int[25]:CLK","R","Q_int[26]:D","R","0.321","1.904","1.583","0.000","Hold","0.000","","1.904","-0.003","","1.580","1.583","CLK","Rising","CLK","Rising","0","","1.667","","","","","","","1.667","1.667","","",0,
      [["Data arrival time calculation","","","","","","","",""],
       ["CLK","","","","","","0.000","0.000",""],
       ["CLK","r","Clock source","","","+","0.000","0.000",""],
       ["CLK_ibuf/U0/U_IOPAD:PAD","r","net","","CLK","+","0.000","0.000",""],
       ["CLK_ibuf/U0/U_IOPAD:Y","r","cell","ADLIB:IOPAD_IN","","+","0.797","0.797","2"],
       ["CLK_ibuf_RNIVQ04:An","f","net","","CLK_ibuf_Z","+","0.036","0.833",""],
       ["CLK_ibuf_RNIVQ04:YSn","f","cell","ADLIB:GB","","+","0.057","0.890","2"],
       ["CLK_ibuf_RNIVQ04/U0_RGB1_RGB0:An","f","net","","CLK_ibuf_RNIVQ04/U0_YNn_GSouth","+","0.194","1.084",""],
       ["CLK_ibuf_RNIVQ04/U0_RGB1_RGB0:YR","r","cell","ADLIB:RGB","","+","0.168","1.252","9"],
       ["Q_int[25]:CLK","r","net","","CLK_ibuf_RNIVQ04/U0_RGB1_RGB0_rgbr_net_1","+","0.328","1.580",""],
       ["Q_int[25]:Q","r","cell","ADLIB:SLE","","+","0.058","1.638","2"],
       ["Q_int[26]:D","r","net","","Q_c[25]","+","0.266","1.904",""],
       ["data arrival time","","","","","","","1.904",""]],
      [["Data required time calculation","","","","","","","",""],
       ["CLK","","Clock Constraint","","","","0.000","0.000",""],
       ["CLK","r","Clock source","","","+","0.000","0.000",""],
       ["CLK_ibuf/U0/U_IOPAD:PAD","r","net","","CLK","+","0.000","0.000",""],
       ["CLK_ibuf/U0/U_IOPAD:Y","r","cell","ADLIB:IOPAD_IN","","+","0.797","0.797","2"],
       ["CLK_ibuf_RNIVQ04:An","f","net","","CLK_ibuf_Z","+","0.036","0.833",""],
       ["CLK_ibuf_RNIVQ04:YSn","f","cell","ADLIB:GB","","+","0.057","0.890","2"],
       ["CLK_ibuf_RNIVQ04/U0_RGB1_RGB0:An","f","net","","CLK_ibuf_RNIVQ04/U0_YNn_GSouth","+","0.194","1.084",""],
       ["CLK_ibuf_RNIVQ04/U0_RGB1_RGB0:YR","r","cell","ADLIB:RGB","","+","0.168","1.252","9"],
       ["Q_int[26]:CLK","r","net","","CLK_ibuf_RNIVQ04/U0_RGB1_RGB0_rgbr_net_1","+","0.331","1.583",""],
       ["Q_int[26]:D","","Library hold time","ADLIB:SLE","","+","0.000","1.583",""],
       ["data required time","","","","","","","1.583",""]]],
     ["Q_int[15]:CLK","R","Q_int[16]:D","R","0.321","1.913","1.592","0.000","Hold","0.000","","1.913","-0.002","","1.590","1.592","CLK","Rising","CLK","Rising","0","","1.667","","","","","","","1.667","1.667","","",0,
      [["Data arrival time calculation","","","","","","","",""],
       ["CLK","","","","","","0.000","0.000",""],
       ["CLK","r","Clock source","","","+","0.000","0.000",""],
       ["CLK_ibuf/U0/U_IOPAD:PAD","r","net","","CLK","+","0.000","0.000",""],
       ["CLK_ibuf/U0/U_IOPAD:Y","r","cell","ADLIB:IOPAD_IN","","+","0.797","0.797","2"],
       ["CLK_ibuf_RNIVQ04:An","f","net","","CLK_ibuf_Z","+","0.036","0.833",""],
       ["CLK_ibuf_RNIVQ04:YSn","f","cell","ADLIB:GB","","+","0.057","0.890","2"],
       ["CLK_ibuf_RNIVQ04/U0_RGB1:An","f","net","","CLK_ibuf_RNIVQ04/U0_YNn_GSouth","+","0.194","1.084",""],
       ["CLK_ibuf_RNIVQ04/U0_RGB1:YR","r","cell","ADLIB:RGB","","+","0.168","1.252","23"],
       ["Q_int[15]:CLK","r","net","","CLK_ibuf_RNIVQ04/U0_RGB1_YR","+","0.338","1.590",""],
       ["Q_int[15]:Q","r","cell","ADLIB:SLE","","+","0.058","1.648","2"],
       ["Q_int[16]:D","r","net","","Q_c[15]","+","0.265","1.913",""],
       ["data arrival time","","","","","","","1.913",""]],
      [["Data required time calculation","","","","","","","",""],
       ["CLK","","Clock Constraint","","","","0.000","0.000",""],
       ["CLK","r","Clock source","","","+","0.000","0.000",""],
       ["CLK_ibuf/U0/U_IOPAD:PAD","r","net","","CLK","+","0.000","0.000",""],
       ["CLK_ibuf/U0/U_IOPAD:Y","r","cell","ADLIB:IOPAD_IN","","+","0.797","0.797","2"],
       ["CLK_ibuf_RNIVQ04:An","f","net","","CLK_ibuf_Z","+","0.036","0.833",""],
       ["CLK_ibuf_RNIVQ04:YSn","f","cell","ADLIB:GB","","+","0.057","0.890","2"],
       ["CLK_ibuf_RNIVQ04/U0_RGB1:An","f","net","","CLK_ibuf_RNIVQ04/U0_YNn_GSouth","+","0.194","1.084",""],
       ["CLK_ibuf_RNIVQ04/U0_RGB1:YR","r","cell","ADLIB:RGB","","+","0.168","1.252","23"],
       ["Q_int[16]:CLK","r","net","","CLK_ibuf_RNIVQ04/U0_RGB1_YR","+","0.340","1.592",""],
       ["Q_int[16]:D","","Library hold time","ADLIB:SLE","","+","0.000","1.592",""],
       ["data required time","","","","","","","1.592",""]]],
     ["Q_int[29]:CLK","R","Q_int[30]:D","R","0.322","1.905","1.583","0.000","Hold","0.000","","1.905","-0.003","","1.580","1.583","CLK","Rising","CLK","Rising","0","","1.667","","","","","","","1.667","1.667","","",0,
      [["Data arrival time calculation","","","","","","","",""],
       ["CLK","","","","","","0.000","0.000",""],
       ["CLK","r","Clock source","","","+","0.000","0.000",""],
       ["CLK_ibuf/U0/U_IOPAD:PAD","r","net","","CLK","+","0.000","0.000",""],
       ["CLK_ibuf/U0/U_IOPAD:Y","r","cell","ADLIB:IOPAD_IN","","+","0.797","0.797","2"],
       ["CLK_ibuf_RNIVQ04:An","f","net","","CLK_ibuf_Z","+","0.036","0.833",""],
       ["CLK_ibuf_RNIVQ04:YSn","f","cell","ADLIB:GB","","+","0.057","0.890","2"],
       ["CLK_ibuf_RNIVQ04/U0_RGB1_RGB0:An","f","net","","CLK_ibuf_RNIVQ04/U0_YNn_GSouth","+","0.194","1.084",""],
       ["CLK_ibuf_RNIVQ04/U0_RGB1_RGB0:YR","r","cell","ADLIB:RGB","","+","0.168","1.252","9"],
       ["Q_int[29]:CLK","r","net","","CLK_ibuf_RNIVQ04/U0_RGB1_RGB0_rgbr_net_1","+","0.328","1.580",""],
       ["Q_int[29]:Q","r","cell","ADLIB:SLE","","+","0.058","1.638","2"],
       ["Q_int[30]:D","r","net","","Q_c[29]","+","0.267","1.905",""],
       ["data arrival time","","","","","","","1.905",""]],
      [["Data required time calculation","","","","","","","",""],
       ["CLK","","Clock Constraint","","","","0.000","0.000",""],
       ["CLK","r","Clock source","","","+","0.000","0.000",""],
       ["CLK_ibuf/U0/U_IOPAD:PAD","r","net","","CLK","+","0.000","0.000",""],
       ["CLK_ibuf/U0/U_IOPAD:Y","r","cell","ADLIB:IOPAD_IN","","+","0.797","0.797","2"],
       ["CLK_ibuf_RNIVQ04:An","f","net","","CLK_ibuf_Z","+","0.036","0.833",""],
       ["CLK_ibuf_RNIVQ04:YSn","f","cell","ADLIB:GB","","+","0.057","0.890","2"],
       ["CLK_ibuf_RNIVQ04/U0_RGB1_RGB0:An","f","net","","CLK_ibuf_RNIVQ04/U0_YNn_GSouth","+","0.194","1.084",""],
       ["CLK_ibuf_RNIVQ04/U0_RGB1_RGB0:YR","r","cell","ADLIB:RGB","","+","0.168","1.252","9"],
       ["Q_int[30]:CLK","r","net","","CLK_ibuf_RNIVQ04/U0_RGB1_RGB0_rgbr_net_1","+","0.331","1.583",""],
       ["Q_int[30]:D","","Library hold time","ADLIB:SLE","","+","0.000","1.583",""],
       ["data required time","","","","","","","1.583",""]]],
     ["Q_int[13]:CLK","R","Q_int[14]:D","R","0.322","1.914","1.592","0.000","Hold","0.000","","1.914","-0.010","","1.582","1.592","CLK","Rising","CLK","Rising","0","","1.667","","","","","","","1.667","1.667","","",0,
      [["Data arrival time calculation","","","","","","","",""],
       ["CLK","","","","","","0.000","0.000",""],
       ["CLK","r","Clock source","","","+","0.000","0.000",""],
       ["CLK_ibuf/U0/U_IOPAD:PAD","r","net","","CLK","+","0.000","0.000",""],
       ["CLK_ibuf/U0/U_IOPAD:Y","r","cell","ADLIB:IOPAD_IN","","+","0.797","0.797","2"],
       ["CLK_ibuf_RNIVQ04:An","f","net","","CLK_ibuf_Z","+","0.036","0.833",""],
       ["CLK_ibuf_RNIVQ04:YSn","f","cell","ADLIB:GB","","+","0.057","0.890","2"],
       ["CLK_ibuf_RNIVQ04/U0_RGB1:An","f","net","","CLK_ibuf_RNIVQ04/U0_YNn_GSouth","+","0.194","1.084",""],
       ["CLK_ibuf_RNIVQ04/U0_RGB1:YR","r","cell","ADLIB:RGB","","+","0.168","1.252","23"],
       ["Q_int[13]:CLK","r","net","","CLK_ibuf_RNIVQ04/U0_RGB1_YR","+","0.330","1.582",""],
       ["Q_int[13]:Q","r","cell","ADLIB:SLE","","+","0.058","1.640","2"],
       ["Q_int[14]:D","r","net","","Q_c[13]","+","0.274","1.914",""],
       ["data arrival time","","","","","","","1.914",""]],
      [["Data required time calculation","","","","","","","",""],
       ["CLK","","Clock Constraint","","","","0.000","0.000",""],
       ["CLK","r","Clock source","","","+","0.000","0.000",""],
       ["CLK_ibuf/U0/U_IOPAD:PAD","r","net","","CLK","+","0.000","0.000",""],
       ["CLK_ibuf/U0/U_IOPAD:Y","r","cell","ADLIB:IOPAD_IN","","+","0.797","0.797","2"],
       ["CLK_ibuf_RNIVQ04:An","f","net","","CLK_ibuf_Z","+","0.036","0.833",""],
       ["CLK_ibuf_RNIVQ04:YSn","f","cell","ADLIB:GB","","+","0.057","0.890","2"],
       ["CLK_ibuf_RNIVQ04/U0_RGB1:An","f","net","","CLK_ibuf_RNIVQ04/U0_YNn_GSouth","+","0.194","1.084",""],
       ["CLK_ibuf_RNIVQ04/U0_RGB1:YR","r","cell","ADLIB:RGB","","+","0.168","1.252","23"],
       ["Q_int[14]:CLK","r","net","","CLK_ibuf_RNIVQ04/U0_RGB1_YR","+","0.340","1.592",""],
       ["Q_int[14]:D","","Library hold time","ADLIB:SLE","","+","0.000","1.592",""],
       ["data required time","","","","","","","1.592",""]]],
     ["Q_int[21]:CLK","R","Q_int[22]:D","R","0.324","1.916","1.592","0.000","Hold","0.000","","1.916","-0.002","","1.590","1.592","CLK","Rising","CLK","Rising","0","","1.667","","","","","","","1.667","1.667","","",0,
      [["Data arrival time calculation","","","","","","","",""],
       ["CLK","","","","","","0.000","0.000",""],
       ["CLK","r","Clock source","","","+","0.000","0.000",""],
       ["CLK_ibuf/U0/U_IOPAD:PAD","r","net","","CLK","+","0.000","0.000",""],
       ["CLK_ibuf/U0/U_IOPAD:Y","r","cell","ADLIB:IOPAD_IN","","+","0.797","0.797","2"],
       ["CLK_ibuf_RNIVQ04:An","f","net","","CLK_ibuf_Z","+","0.036","0.833",""],
       ["CLK_ibuf_RNIVQ04:YSn","f","cell","ADLIB:GB","","+","0.057","0.890","2"],
       ["CLK_ibuf_RNIVQ04/U0_RGB1:An","f","net","","CLK_ibuf_RNIVQ04/U0_YNn_GSouth","+","0.194","1.084",""],
       ["CLK_ibuf_RNIVQ04/U0_RGB1:YR","r","cell","ADLIB:RGB","","+","0.168","1.252","23"],
       ["Q_int[21]:CLK","r","net","","CLK_ibuf_RNIVQ04/U0_RGB1_YR","+","0.338","1.590",""],
       ["Q_int[21]:Q","r","cell","ADLIB:SLE","","+","0.058","1.648","2"],
       ["Q_int[22]:D","r","net","","Q_c[21]","+","0.268","1.916",""],
       ["data arrival time","","","","","","","1.916",""]],
      [["Data required time calculation","","","","","","","",""],
       ["CLK","","Clock Constraint","","","","0.000","0.000",""],
       ["CLK","r","Clock source","","","+","0.000","0.000",""],
       ["CLK_ibuf/U0/U_IOPAD:PAD","r","net","","CLK","+","0.000","0.000",""],
       ["CLK_ibuf/U0/U_IOPAD:Y","r","cell","ADLIB:IOPAD_IN","","+","0.797","0.797","2"],
       ["CLK_ibuf_RNIVQ04:An","f","net","","CLK_ibuf_Z","+","0.036","0.833",""],
       ["CLK_ibuf_RNIVQ04:YSn","f","cell","ADLIB:GB","","+","0.057","0.890","2"],
       ["CLK_ibuf_RNIVQ04/U0_RGB1:An","f","net","","CLK_ibuf_RNIVQ04/U0_YNn_GSouth","+","0.194","1.084",""],
       ["CLK_ibuf_RNIVQ04/U0_RGB1:YR","r","cell","ADLIB:RGB","","+","0.168","1.252","23"],
       ["Q_int[22]:CLK","r","net","","CLK_ibuf_RNIVQ04/U0_RGB1_YR","+","0.340","1.592",""],
       ["Q_int[22]:D","","Library hold time","ADLIB:SLE","","+","0.000","1.592",""],
       ["data required time","","","","","","","1.592",""]]],
     ["Q_int[9]:CLK","R","Q_int[10]:D","R","0.327","1.917","1.590","0.000","Hold","0.000","","1.917","-0.002","","1.588","1.590","CLK","Rising","CLK","Rising","0","","1.667","","","","","","","1.667","1.667","","",0,
      [["Data arrival time calculation","","","","","","","",""],
       ["CLK","","","","","","0.000","0.000",""],
       ["CLK","r","Clock source","","","+","0.000","0.000",""],
       ["CLK_ibuf/U0/U_IOPAD:PAD","r","net","","CLK","+","0.000","0.000",""],
       ["CLK_ibuf/U0/U_IOPAD:Y","r","cell","ADLIB:IOPAD_IN","","+","0.797","0.797","2"],
       ["CLK_ibuf_RNIVQ04:An","f","net","","CLK_ibuf_Z","+","0.036","0.833",""],
       ["CLK_ibuf_RNIVQ04:YSn","f","cell","ADLIB:GB","","+","0.057","0.890","2"],
       ["CLK_ibuf_RNIVQ04/U0_RGB1:An","f","net","","CLK_ibuf_RNIVQ04/U0_YNn_GSouth","+","0.194","1.084",""],
       ["CLK_ibuf_RNIVQ04/U0_RGB1:YR","r","cell","ADLIB:RGB","","+","0.168","1.252","23"],
       ["Q_int[9]:CLK","r","net","","CLK_ibuf_RNIVQ04/U0_RGB1_YR","+","0.336","1.588",""],
       ["Q_int[9]:Q","r","cell","ADLIB:SLE","","+","0.058","1.646","2"],
       ["Q_int[10]:D","r","net","","Q_c[9]","+","0.271","1.917",""],
       ["data arrival time","","","","","","","1.917",""]],
      [["Data required time calculation","","","","","","","",""],
       ["CLK","","Clock Constraint","","","","0.000","0.000",""],
       ["CLK","r","Clock source","","","+","0.000","0.000",""],
       ["CLK_ibuf/U0/U_IOPAD:PAD","r","net","","CLK","+","0.000","0.000",""],
       ["CLK_ibuf/U0/U_IOPAD:Y","r","cell","ADLIB:IOPAD_IN","","+","0.797","0.797","2"],
       ["CLK_ibuf_RNIVQ04:An","f","net","","CLK_ibuf_Z","+","0.036","0.833",""],
       ["CLK_ibuf_RNIVQ04:YSn","f","cell","ADLIB:GB","","+","0.057","0.890","2"],
       ["CLK_ibuf_RNIVQ04/U0_RGB1:An","f","net","","CLK_ibuf_RNIVQ04/U0_YNn_GSouth","+","0.194","1.084",""],
       ["CLK_ibuf_RNIVQ04/U0_RGB1:YR","r","cell","ADLIB:RGB","","+","0.168","1.252","23"],
       ["Q_int[10]:CLK","r","net","","CLK_ibuf_RNIVQ04/U0_RGB1_YR","+","0.338","1.590",""],
       ["Q_int[10]:D","","Library hold time","ADLIB:SLE","","+","0.000","1.590",""],
       ["data required time","","","","","","","1.590",""]]],
     ["Q_int[16]:CLK","R","Q_int[17]:D","R","0.381","1.982","1.601","0.000","Hold","0.000","","1.982","-0.019","","1.582","1.601","CLK","Rising","CLK","Rising","0","","1.667","","","","","","","1.667","1.667","","",0,
      [["Data arrival time calculation","","","","","","","",""],
       ["CLK","","","","","","0.000","0.000",""],
       ["CLK","r","Clock source","","","+","0.000","0.000",""],
       ["CLK_ibuf/U0/U_IOPAD:PAD","r","net","","CLK","+","0.000","0.000",""],
       ["CLK_ibuf/U0/U_IOPAD:Y","r","cell","ADLIB:IOPAD_IN","","+","0.797","0.797","2"],
       ["CLK_ibuf_RNIVQ04:An","f","net","","CLK_ibuf_Z","+","0.036","0.833",""],
       ["CLK_ibuf_RNIVQ04:YSn","f","cell","ADLIB:GB","","+","0.057","0.890","2"],
       ["CLK_ibuf_RNIVQ04/U0_RGB1:An","f","net","","CLK_ibuf_RNIVQ04/U0_YNn_GSouth","+","0.194","1.084",""],
       ["CLK_ibuf_RNIVQ04/U0_RGB1:YR","r","cell","ADLIB:RGB","","+","0.168","1.252","23"],
       ["Q_int[16]:CLK","r","net","","CLK_ibuf_RNIVQ04/U0_RGB1_YR","+","0.330","1.582",""],
       ["Q_int[16]:Q","r","cell","ADLIB:SLE","","+","0.058","1.640","2"],
       ["Q_int[17]:D","r","net","","Q_c[16]","+","0.342","1.982",""],
       ["data arrival time","","","","","","","1.982",""]],
      [["Data required time calculation","","","","","","","",""],
       ["CLK","","Clock Constraint","","","","0.000","0.000",""],
       ["CLK","r","Clock source","","","+","0.000","0.000",""],
       ["CLK_ibuf/U0/U_IOPAD:PAD","r","net","","CLK","+","0.000","0.000",""],
       ["CLK_ibuf/U0/U_IOPAD:Y","r","cell","ADLIB:IOPAD_IN","","+","0.797","0.797","2"],
       ["CLK_ibuf_RNIVQ04:An","f","net","","CLK_ibuf_Z","+","0.036","0.833",""],
       ["CLK_ibuf_RNIVQ04:YSn","f","cell","ADLIB:GB","","+","0.057","0.890","2"],
       ["CLK_ibuf_RNIVQ04/U0_RGB1:An","f","net","","CLK_ibuf_RNIVQ04/U0_YNn_GSouth","+","0.194","1.084",""],
       ["CLK_ibuf_RNIVQ04/U0_RGB1:YR","r","cell","ADLIB:RGB","","+","0.168","1.252","23"],
       ["Q_int[17]:CLK","r","net","","CLK_ibuf_RNIVQ04/U0_RGB1_YR","+","0.349","1.601",""],
       ["Q_int[17]:D","","Library hold time","ADLIB:SLE","","+","0.000","1.601",""],
       ["data required time","","","","","","","1.601",""]]],
     ["Q_int[6]:CLK","R","Q_int[7]:D","R","0.389","1.979","1.590","0.000","Hold","0.000","","1.979","-0.010","","1.580","1.590","CLK","Rising","CLK","Rising","0","","1.667","","","","","","","1.667","1.667","","",0,
      [["Data arrival time calculation","","","","","","","",""],
       ["CLK","","","","","","0.000","0.000",""],
       ["CLK","r","Clock source","","","+","0.000","0.000",""],
       ["CLK_ibuf/U0/U_IOPAD:PAD","r","net","","CLK","+","0.000","0.000",""],
       ["CLK_ibuf/U0/U_IOPAD:Y","r","cell","ADLIB:IOPAD_IN","","+","0.797","0.797","2"],
       ["CLK_ibuf_RNIVQ04:An","f","net","","CLK_ibuf_Z","+","0.036","0.833",""],
       ["CLK_ibuf_RNIVQ04:YSn","f","cell","ADLIB:GB","","+","0.057","0.890","2"],
       ["CLK_ibuf_RNIVQ04/U0_RGB1:An","f","net","","CLK_ibuf_RNIVQ04/U0_YNn_GSouth","+","0.194","1.084",""],
       ["CLK_ibuf_RNIVQ04/U0_RGB1:YR","r","cell","ADLIB:RGB","","+","0.168","1.252","23"],
       ["Q_int[6]:CLK","r","net","","CLK_ibuf_RNIVQ04/U0_RGB1_YR","+","0.328","1.580",""],
       ["Q_int[6]:Q","r","cell","ADLIB:SLE","","+","0.058","1.638","2"],
       ["Q_int[7]:D","r","net","","Q_c[6]","+","0.341","1.979",""],
       ["data arrival time","","","","","","","1.979",""]],
      [["Data required time calculation","","","","","","","",""],
       ["CLK","","Clock Constraint","","","","0.000","0.000",""],
       ["CLK","r","Clock source","","","+","0.000","0.000",""],
       ["CLK_ibuf/U0/U_IOPAD:PAD","r","net","","CLK","+","0.000","0.000",""],
       ["CLK_ibuf/U0/U_IOPAD:Y","r","cell","ADLIB:IOPAD_IN","","+","0.797","0.797","2"],
       ["CLK_ibuf_RNIVQ04:An","f","net","","CLK_ibuf_Z","+","0.036","0.833",""],
       ["CLK_ibuf_RNIVQ04:YSn","f","cell","ADLIB:GB","","+","0.057","0.890","2"],
       ["CLK_ibuf_RNIVQ04/U0_RGB1:An","f","net","","CLK_ibuf_RNIVQ04/U0_YNn_GSouth","+","0.194","1.084",""],
       ["CLK_ibuf_RNIVQ04/U0_RGB1:YR","r","cell","ADLIB:RGB","","+","0.168","1.252","23"],
       ["Q_int[7]:CLK","r","net","","CLK_ibuf_RNIVQ04/U0_RGB1_YR","+","0.338","1.590",""],
       ["Q_int[7]:D","","Library hold time","ADLIB:SLE","","+","0.000","1.590",""],
       ["data required time","","","","","","","1.590",""]]],
     ["Q_int[10]:CLK","R","Q_int[11]:D","F","0.390","1.982","1.592","0.000","Hold","0.000","","1.982","-0.012","","1.580","1.592","CLK","Rising","CLK","Rising","0","","1.667","","","","","","","1.667","1.667","","",0,
      [["Data arrival time calculation","","","","","","","",""],
       ["CLK","","","","","","0.000","0.000",""],
       ["CLK","r","Clock source","","","+","0.000","0.000",""],
       ["CLK_ibuf/U0/U_IOPAD:PAD","r","net","","CLK","+","0.000","0.000",""],
       ["CLK_ibuf/U0/U_IOPAD:Y","r","cell","ADLIB:IOPAD_IN","","+","0.797","0.797","2"],
       ["CLK_ibuf_RNIVQ04:An","f","net","","CLK_ibuf_Z","+","0.036","0.833",""],
       ["CLK_ibuf_RNIVQ04:YSn","f","cell","ADLIB:GB","","+","0.057","0.890","2"],
       ["CLK_ibuf_RNIVQ04/U0_RGB1:An","f","net","","CLK_ibuf_RNIVQ04/U0_YNn_GSouth","+","0.194","1.084",""],
       ["CLK_ibuf_RNIVQ04/U0_RGB1:YR","r","cell","ADLIB:RGB","","+","0.168","1.252","23"],
       ["Q_int[10]:CLK","r","net","","CLK_ibuf_RNIVQ04/U0_RGB1_YR","+","0.328","1.580",""],
       ["Q_int[10]:Q","f","cell","ADLIB:SLE","","+","0.072","1.652","2"],
       ["Q_int[11]:D","f","net","","Q_c[10]","+","0.330","1.982",""],
       ["data arrival time","","","","","","","1.982",""]],
      [["Data required time calculation","","","","","","","",""],
       ["CLK","","Clock Constraint","","","","0.000","0.000",""],
       ["CLK","r","Clock source","","","+","0.000","0.000",""],
       ["CLK_ibuf/U0/U_IOPAD:PAD","r","net","","CLK","+","0.000","0.000",""],
       ["CLK_ibuf/U0/U_IOPAD:Y","r","cell","ADLIB:IOPAD_IN","","+","0.797","0.797","2"],
       ["CLK_ibuf_RNIVQ04:An","f","net","","CLK_ibuf_Z","+","0.036","0.833",""],
       ["CLK_ibuf_RNIVQ04:YSn","f","cell","ADLIB:GB","","+","0.057","0.890","2"],
       ["CLK_ibuf_RNIVQ04/U0_RGB1:An","f","net","","CLK_ibuf_RNIVQ04/U0_YNn_GSouth","+","0.194","1.084",""],
       ["CLK_ibuf_RNIVQ04/U0_RGB1:YR","r","cell","ADLIB:RGB","","+","0.168","1.252","23"],
       ["Q_int[11]:CLK","r","net","","CLK_ibuf_RNIVQ04/U0_RGB1_YR","+","0.340","1.592",""],
       ["Q_int[11]:D","","Library hold time","ADLIB:SLE","","+","0.000","1.592",""],
       ["data required time","","","","","","","1.592",""]]],
     ["Q_int[22]:CLK","R","Q_int[23]:D","R","0.392","1.982","1.590","0.000","Hold","0.000","","1.982","-0.008","","1.582","1.590","CLK","Rising","CLK","Rising","0","","1.667","","","","","","","1.667","1.667","","",0,
      [["Data arrival time calculation","","","","","","","",""],
       ["CLK","","","","","","0.000","0.000",""],
       ["CLK","r","Clock source","","","+","0.000","0.000",""],
       ["CLK_ibuf/U0/U_IOPAD:PAD","r","net","","CLK","+","0.000","0.000",""],
       ["CLK_ibuf/U0/U_IOPAD:Y","r","cell","ADLIB:IOPAD_IN","","+","0.797","0.797","2"],
       ["CLK_ibuf_RNIVQ04:An","f","net","","CLK_ibuf_Z","+","0.036","0.833",""],
       ["CLK_ibuf_RNIVQ04:YSn","f","cell","ADLIB:GB","","+","0.057","0.890","2"],
       ["CLK_ibuf_RNIVQ04/U0_RGB1:An","f","net","","CLK_ibuf_RNIVQ04/U0_YNn_GSouth","+","0.194","1.084",""],
       ["CLK_ibuf_RNIVQ04/U0_RGB1:YR","r","cell","ADLIB:RGB","","+","0.168","1.252","23"],
       ["Q_int[22]:CLK","r","net","","CLK_ibuf_RNIVQ04/U0_RGB1_YR","+","0.330","1.582",""],
       ["Q_int[22]:Q","r","cell","ADLIB:SLE","","+","0.058","1.640","2"],
       ["Q_int[23]:D","r","net","","Q_c[22]","+","0.342","1.982",""],
       ["data arrival time","","","","","","","1.982",""]],
      [["Data required time calculation","","","","","","","",""],
       ["CLK","","Clock Constraint","","","","0.000","0.000",""],
       ["CLK","r","Clock source","","","+","0.000","0.000",""],
       ["CLK_ibuf/U0/U_IOPAD:PAD","r","net","","CLK","+","0.000","0.000",""],
       ["CLK_ibuf/U0/U_IOPAD:Y","r","cell","ADLIB:IOPAD_IN","","+","0.797","0.797","2"],
       ["CLK_ibuf_RNIVQ04:An","f","net","","CLK_ibuf_Z","+","0.036","0.833",""],
       ["CLK_ibuf_RNIVQ04:YSn","f","cell","ADLIB:GB","","+","0.057","0.890","2"],
       ["CLK_ibuf_RNIVQ04/U0_RGB1_RGB0:An","f","net","","CLK_ibuf_RNIVQ04/U0_YNn_GSouth","+","0.194","1.084",""],
       ["CLK_ibuf_RNIVQ04/U0_RGB1_RGB0:YR","r","cell","ADLIB:RGB","","+","0.168","1.252","9"],
       ["Q_int[23]:CLK","r","net","","CLK_ibuf_RNIVQ04/U0_RGB1_RGB0_rgbr_net_1","+","0.338","1.590",""],
       ["Q_int[23]:D","","Library hold time","ADLIB:SLE","","+","0.000","1.590",""],
       ["data required time","","","","","","","1.590",""]]],
     ["Q_int[30]:CLK","R","Q_int[31]:D","F","0.395","1.978","1.583","0.000","Hold","0.000","","1.978","-0.010","","1.573","1.583","CLK","Rising","CLK","Rising","0","","1.667","","","","","","","1.667","1.667","","",0,
      [["Data arrival time calculation","","","","","","","",""],
       ["CLK","","","","","","0.000","0.000",""],
       ["CLK","r","Clock source","","","+","0.000","0.000",""],
       ["CLK_ibuf/U0/U_IOPAD:PAD","r","net","","CLK","+","0.000","0.000",""],
       ["CLK_ibuf/U0/U_IOPAD:Y","r","cell","ADLIB:IOPAD_IN","","+","0.797","0.797","2"],
       ["CLK_ibuf_RNIVQ04:An","f","net","","CLK_ibuf_Z","+","0.036","0.833",""],
       ["CLK_ibuf_RNIVQ04:YSn","f","cell","ADLIB:GB","","+","0.057","0.890","2"],
       ["CLK_ibuf_RNIVQ04/U0_RGB1_RGB0:An","f","net","","CLK_ibuf_RNIVQ04/U0_YNn_GSouth","+","0.194","1.084",""],
       ["CLK_ibuf_RNIVQ04/U0_RGB1_RGB0:YR","r","cell","ADLIB:RGB","","+","0.168","1.252","9"],
       ["Q_int[30]:CLK","r","net","","CLK_ibuf_RNIVQ04/U0_RGB1_RGB0_rgbr_net_1","+","0.321","1.573",""],
       ["Q_int[30]:Q","f","cell","ADLIB:SLE","","+","0.072","1.645","2"],
       ["Q_int[31]:D","f","net","","Q_c[30]","+","0.333","1.978",""],
       ["data arrival time","","","","","","","1.978",""]],
      [["Data required time calculation","","","","","","","",""],
       ["CLK","","Clock Constraint","","","","0.000","0.000",""],
       ["CLK","r","Clock source","","","+","0.000","0.000",""],
       ["CLK_ibuf/U0/U_IOPAD:PAD","r","net","","CLK","+","0.000","0.000",""],
       ["CLK_ibuf/U0/U_IOPAD:Y","r","cell","ADLIB:IOPAD_IN","","+","0.797","0.797","2"],
       ["CLK_ibuf_RNIVQ04:An","f","net","","CLK_ibuf_Z","+","0.036","0.833",""],
       ["CLK_ibuf_RNIVQ04:YSn","f","cell","ADLIB:GB","","+","0.057","0.890","2"],
       ["CLK_ibuf_RNIVQ04/U0_RGB1_RGB0:An","f","net","","CLK_ibuf_RNIVQ04/U0_YNn_GSouth","+","0.194","1.084",""],
       ["CLK_ibuf_RNIVQ04/U0_RGB1_RGB0:YR","r","cell","ADLIB:RGB","","+","0.168","1.252","9"],
       ["Q_int[31]:CLK","r","net","","CLK_ibuf_RNIVQ04/U0_RGB1_RGB0_rgbr_net_1","+","0.331","1.583",""],
       ["Q_int[31]:D","","Library hold time","ADLIB:SLE","","+","0.000","1.583",""],
       ["data required time","","","","","","","1.583",""]]]]
}}
