<?xml version="1.0" encoding="UTF-8" standalone="no" ?>
<?xml-stylesheet href="rptstyle.xsl" type="text/xsl" ?>
<doc>
<title>Timing Multi Corner Report Min Delay Analysis
</title>
<text>SmartTime Version 12.900.20.24</text>
<text>Microsemi Corporation - Microsemi Libero Software Release v12.6 (Version 12.900.20.24)</text>
<text>Date: Tue Oct 17 19:37:20 2023
</text>
<table>
<header>
</header>
<row>
 <cell>Design</cell>
 <cell>shift_reg32</cell>
</row>
<row>
 <cell>Family</cell>
 <cell>SmartFusion2</cell>
</row>
<row>
 <cell>Die</cell>
 <cell>M2S010</cell>
</row>
<row>
 <cell>Package</cell>
 <cell>144 TQ</cell>
</row>
<row>
 <cell>Temperature Range</cell>
 <cell>0 - 85 C</cell>
</row>
<row>
 <cell>Voltage Range</cell>
 <cell>1.14 - 1.26 V</cell>
</row>
<row>
 <cell>Speed Grade</cell>
 <cell>STD</cell>
</row>
<row>
 <cell>Design State</cell>
 <cell>Post-Layout</cell>
</row>
<row>
 <cell>Data source</cell>
 <cell>Production</cell>
</row>
<row>
 <cell>Multi Corner Report Operating Conditions</cell>
 <cell>BEST, TYPICAL, WORST</cell>
</row>
<row>
 <cell>Scenario for Timing Analysis</cell>
 <cell>timing_analysis</cell>
</row>
</table>
<text></text>
<section>
<name>Summary</name>
<table>
<header>
 <cell>Clock Domain</cell>
 <cell>Required Period (ns)</cell>
 <cell>Required Frequency (MHz)</cell>
 <cell>Worst Slack (ns)</cell>
 <cell>Operating Conditions</cell>
</header>
<row>
 <cell>CLK</cell>
 <cell>1.667</cell>
 <cell>599.880</cell>
 <cell>0.304</cell>
 <cell>BEST</cell>
</row>
</table>
<text></text>
<table>
<header>
 <cell></cell>
 <cell>Worst Slack (ns)</cell>
 <cell>Operating Conditions</cell>
</header>
<row>
 <cell>Input to Output</cell>
 <cell></cell>
 <cell></cell>
</row>
</table>
</section>
<section>
<name>Clock Domain CLK</name>
<text></text>
<section>
<name>SET Register to Register</name>
<table>
<header>
 <cell/>
 <cell>From</cell>
 <cell>To</cell>
 <cell>Delay (ns)</cell>
 <cell>Slack (ns)</cell>
 <cell>Arrival (ns)</cell>
 <cell>Required (ns)</cell>
 <cell>Hold (ns)</cell>
 <cell>Operating Conditions</cell>
</header>
<row>
 <cell>Path 1</cell>
 <cell>Q_int[19]:CLK</cell>
 <cell>Q_int[20]:D</cell>
 <cell>0.323</cell>
 <cell>0.304</cell>
 <cell>1.905</cell>
 <cell>1.601</cell>
 <cell>0.000</cell>
 <cell>BEST</cell>
</row>
<row>
 <cell>Path 2</cell>
 <cell>Q_int[4]:CLK</cell>
 <cell>Q_int[5]:D</cell>
 <cell>0.323</cell>
 <cell>0.305</cell>
 <cell>1.903</cell>
 <cell>1.598</cell>
 <cell>0.000</cell>
 <cell>BEST</cell>
</row>
<row>
 <cell>Path 3</cell>
 <cell>Q_int[23]:CLK</cell>
 <cell>Q_int[24]:D</cell>
 <cell>0.318</cell>
 <cell>0.308</cell>
 <cell>1.898</cell>
 <cell>1.590</cell>
 <cell>0.000</cell>
 <cell>BEST</cell>
</row>
<row>
 <cell>Path 4</cell>
 <cell>Q_int[28]:CLK</cell>
 <cell>Q_int[29]:D</cell>
 <cell>0.327</cell>
 <cell>0.310</cell>
 <cell>1.900</cell>
 <cell>1.590</cell>
 <cell>0.000</cell>
 <cell>BEST</cell>
</row>
<row>
 <cell>Path 5</cell>
 <cell>Q_int[11]:CLK</cell>
 <cell>Q_int[12]:D</cell>
 <cell>0.329</cell>
 <cell>0.310</cell>
 <cell>1.911</cell>
 <cell>1.601</cell>
 <cell>0.000</cell>
 <cell>BEST</cell>
</row>
</table>
<text></text>
<section><name>Expanded Path 1</name></section>
<table>
<header>
 <cell>Pin Name</cell>
 <cell>Type</cell>
 <cell>Net Name</cell>
 <cell>Cell Name</cell>
 <cell>Op</cell>
 <cell>Delay (ns)</cell>
 <cell>Total (ns)</cell>
 <cell>Fanout</cell>
 <cell>Edge</cell>
</header>
<row>
 <cell>From: Q_int[19]:CLK</cell>
 <cell></cell>
 <cell></cell>
 <cell></cell>
 <cell></cell>
 <cell></cell>
 <cell></cell>
 <cell></cell>
 <cell></cell>
</row>
<row>
 <cell>To: Q_int[20]:D</cell>
 <cell></cell>
 <cell></cell>
 <cell></cell>
 <cell></cell>
 <cell></cell>
 <cell></cell>
 <cell></cell>
 <cell></cell>
</row>
<row>
 <cell>data arrival time</cell>
 <cell></cell>
 <cell></cell>
 <cell></cell>
 <cell></cell>
 <cell></cell>
 <cell>1.905</cell>
 <cell></cell>
 <cell></cell>
</row>
<row>
 <cell>data required time</cell>
 <cell></cell>
 <cell></cell>
 <cell></cell>
 <cell>-</cell>
 <cell></cell>
 <cell>1.601</cell>
 <cell></cell>
 <cell></cell>
</row>
<row>
 <cell>slack</cell>
 <cell></cell>
 <cell></cell>
 <cell></cell>
 <cell></cell>
 <cell></cell>
 <cell>0.304</cell>
 <cell></cell>
 <cell></cell>
</row>
<row>
</row>
<row>
 <cell>Data arrival time calculation</cell>
 <cell></cell>
 <cell></cell>
 <cell></cell>
 <cell></cell>
 <cell></cell>
 <cell></cell>
 <cell></cell>
 <cell></cell>
</row>
<row>
 <cell>CLK</cell>
 <cell></cell>
 <cell></cell>
 <cell></cell>
 <cell></cell>
 <cell>0.000</cell>
 <cell>0.000</cell>
 <cell></cell>
 <cell></cell>
</row>
<row>
 <cell>CLK</cell>
 <cell>Clock source</cell>
 <cell></cell>
 <cell></cell>
 <cell>+</cell>
 <cell>0.000</cell>
 <cell>0.000</cell>
 <cell></cell>
 <cell>r</cell>
</row>
<row>
 <cell>CLK_ibuf/U0/U_IOPAD:PAD</cell>
 <cell>net</cell>
 <cell>CLK</cell>
 <cell></cell>
 <cell>+</cell>
 <cell>0.000</cell>
 <cell>0.000</cell>
 <cell></cell>
 <cell>r</cell>
</row>
<row>
 <cell>CLK_ibuf/U0/U_IOPAD:Y</cell>
 <cell>cell</cell>
 <cell></cell>
 <cell>ADLIB:IOPAD_IN</cell>
 <cell>+</cell>
 <cell>0.797</cell>
 <cell>0.797</cell>
 <cell>2</cell>
 <cell>r</cell>
</row>
<row>
 <cell>CLK_ibuf_RNIVQ04:An</cell>
 <cell>net</cell>
 <cell>CLK_ibuf_Z</cell>
 <cell></cell>
 <cell>+</cell>
 <cell>0.036</cell>
 <cell>0.833</cell>
 <cell></cell>
 <cell>f</cell>
</row>
<row>
 <cell>CLK_ibuf_RNIVQ04:YSn</cell>
 <cell>cell</cell>
 <cell></cell>
 <cell>ADLIB:GB</cell>
 <cell>+</cell>
 <cell>0.057</cell>
 <cell>0.890</cell>
 <cell>2</cell>
 <cell>f</cell>
</row>
<row>
 <cell>CLK_ibuf_RNIVQ04/U0_RGB1:An</cell>
 <cell>net</cell>
 <cell>CLK_ibuf_RNIVQ04/U0_YNn_GSouth</cell>
 <cell></cell>
 <cell>+</cell>
 <cell>0.194</cell>
 <cell>1.084</cell>
 <cell></cell>
 <cell>f</cell>
</row>
<row>
 <cell>CLK_ibuf_RNIVQ04/U0_RGB1:YR</cell>
 <cell>cell</cell>
 <cell></cell>
 <cell>ADLIB:RGB</cell>
 <cell>+</cell>
 <cell>0.168</cell>
 <cell>1.252</cell>
 <cell>23</cell>
 <cell>r</cell>
</row>
<row>
 <cell>Q_int[19]:CLK</cell>
 <cell>net</cell>
 <cell>CLK_ibuf_RNIVQ04/U0_RGB1_YR</cell>
 <cell></cell>
 <cell>+</cell>
 <cell>0.330</cell>
 <cell>1.582</cell>
 <cell></cell>
 <cell>r</cell>
</row>
<row>
 <cell>Q_int[19]:Q</cell>
 <cell>cell</cell>
 <cell></cell>
 <cell>ADLIB:SLE</cell>
 <cell>+</cell>
 <cell>0.058</cell>
 <cell>1.640</cell>
 <cell>2</cell>
 <cell>r</cell>
</row>
<row>
 <cell>Q_int[20]:D</cell>
 <cell>net</cell>
 <cell>Q_c[19]</cell>
 <cell></cell>
 <cell>+</cell>
 <cell>0.265</cell>
 <cell>1.905</cell>
 <cell></cell>
 <cell>r</cell>
</row>
<row>
 <cell>data arrival time</cell>
 <cell></cell>
 <cell></cell>
 <cell></cell>
 <cell></cell>
 <cell></cell>
 <cell>1.905</cell>
 <cell></cell>
 <cell></cell>
</row>
<row>
</row>
<row>
 <cell>Data required time calculation</cell>
 <cell></cell>
 <cell></cell>
 <cell></cell>
 <cell></cell>
 <cell></cell>
 <cell></cell>
 <cell></cell>
 <cell></cell>
</row>
<row>
 <cell>CLK</cell>
 <cell>Clock Constraint</cell>
 <cell></cell>
 <cell></cell>
 <cell></cell>
 <cell>0.000</cell>
 <cell>0.000</cell>
 <cell></cell>
 <cell></cell>
</row>
<row>
 <cell>CLK</cell>
 <cell>Clock source</cell>
 <cell></cell>
 <cell></cell>
 <cell>+</cell>
 <cell>0.000</cell>
 <cell>0.000</cell>
 <cell></cell>
 <cell>r</cell>
</row>
<row>
 <cell>CLK_ibuf/U0/U_IOPAD:PAD</cell>
 <cell>net</cell>
 <cell>CLK</cell>
 <cell></cell>
 <cell>+</cell>
 <cell>0.000</cell>
 <cell>0.000</cell>
 <cell></cell>
 <cell>r</cell>
</row>
<row>
 <cell>CLK_ibuf/U0/U_IOPAD:Y</cell>
 <cell>cell</cell>
 <cell></cell>
 <cell>ADLIB:IOPAD_IN</cell>
 <cell>+</cell>
 <cell>0.797</cell>
 <cell>0.797</cell>
 <cell>2</cell>
 <cell>r</cell>
</row>
<row>
 <cell>CLK_ibuf_RNIVQ04:An</cell>
 <cell>net</cell>
 <cell>CLK_ibuf_Z</cell>
 <cell></cell>
 <cell>+</cell>
 <cell>0.036</cell>
 <cell>0.833</cell>
 <cell></cell>
 <cell>f</cell>
</row>
<row>
 <cell>CLK_ibuf_RNIVQ04:YSn</cell>
 <cell>cell</cell>
 <cell></cell>
 <cell>ADLIB:GB</cell>
 <cell>+</cell>
 <cell>0.057</cell>
 <cell>0.890</cell>
 <cell>2</cell>
 <cell>f</cell>
</row>
<row>
 <cell>CLK_ibuf_RNIVQ04/U0_RGB1:An</cell>
 <cell>net</cell>
 <cell>CLK_ibuf_RNIVQ04/U0_YNn_GSouth</cell>
 <cell></cell>
 <cell>+</cell>
 <cell>0.194</cell>
 <cell>1.084</cell>
 <cell></cell>
 <cell>f</cell>
</row>
<row>
 <cell>CLK_ibuf_RNIVQ04/U0_RGB1:YR</cell>
 <cell>cell</cell>
 <cell></cell>
 <cell>ADLIB:RGB</cell>
 <cell>+</cell>
 <cell>0.168</cell>
 <cell>1.252</cell>
 <cell>23</cell>
 <cell>r</cell>
</row>
<row>
 <cell>Q_int[20]:CLK</cell>
 <cell>net</cell>
 <cell>CLK_ibuf_RNIVQ04/U0_RGB1_YR</cell>
 <cell></cell>
 <cell>+</cell>
 <cell>0.349</cell>
 <cell>1.601</cell>
 <cell></cell>
 <cell>r</cell>
</row>
<row>
 <cell>Q_int[20]:D</cell>
 <cell>Library hold time</cell>
 <cell></cell>
 <cell>ADLIB:SLE</cell>
 <cell>+</cell>
 <cell>0.000</cell>
 <cell>1.601</cell>
 <cell></cell>
 <cell></cell>
</row>
<row>
 <cell>data required time</cell>
 <cell></cell>
 <cell></cell>
 <cell></cell>
 <cell></cell>
 <cell></cell>
 <cell>1.601</cell>
 <cell></cell>
 <cell></cell>
</row>
<row>
</row>
<row>
 <cell>Operating Conditions</cell>
 <cell>BEST</cell>
</row>
</table>
</section>
<section>
<name>SET External Hold</name>
<table>
<header>
 <cell/>
 <cell>From</cell>
 <cell>To</cell>
 <cell>Delay (ns)</cell>
 <cell>Slack (ns)</cell>
 <cell>Arrival (ns)</cell>
 <cell>Required (ns)</cell>
 <cell>Hold (ns)</cell>
 <cell>External Hold (ns)</cell>
 <cell>Operating Conditions</cell>
</header>
<row>
 <cell>Path 1</cell>
 <cell>D</cell>
 <cell>Q_int[0]:D</cell>
 <cell>2.566</cell>
 <cell></cell>
 <cell>2.566</cell>
 <cell></cell>
 <cell>0.000</cell>
 <cell>0.306</cell>
 <cell>WORST</cell>
</row>
<row>
 <cell>Path 2</cell>
 <cell>EN</cell>
 <cell>Q_int[24]:EN</cell>
 <cell>2.639</cell>
 <cell></cell>
 <cell>2.639</cell>
 <cell></cell>
 <cell>0.000</cell>
 <cell>0.235</cell>
 <cell>WORST</cell>
</row>
<row>
 <cell>Path 3</cell>
 <cell>EN</cell>
 <cell>Q_int[29]:EN</cell>
 <cell>2.639</cell>
 <cell></cell>
 <cell>2.639</cell>
 <cell></cell>
 <cell>0.000</cell>
 <cell>0.234</cell>
 <cell>WORST</cell>
</row>
<row>
 <cell>Path 4</cell>
 <cell>EN</cell>
 <cell>Q_int[25]:EN</cell>
 <cell>2.639</cell>
 <cell></cell>
 <cell>2.639</cell>
 <cell></cell>
 <cell>0.000</cell>
 <cell>0.234</cell>
 <cell>WORST</cell>
</row>
<row>
 <cell>Path 5</cell>
 <cell>EN</cell>
 <cell>Q_int[23]:EN</cell>
 <cell>2.639</cell>
 <cell></cell>
 <cell>2.639</cell>
 <cell></cell>
 <cell>0.000</cell>
 <cell>0.234</cell>
 <cell>WORST</cell>
</row>
</table>
<text></text>
<section><name>Expanded Path 1</name></section>
<table>
<header>
 <cell>Pin Name</cell>
 <cell>Type</cell>
 <cell>Net Name</cell>
 <cell>Cell Name</cell>
 <cell>Op</cell>
 <cell>Delay (ns)</cell>
 <cell>Total (ns)</cell>
 <cell>Fanout</cell>
 <cell>Edge</cell>
</header>
<row>
 <cell>From: D</cell>
 <cell></cell>
 <cell></cell>
 <cell></cell>
 <cell></cell>
 <cell></cell>
 <cell></cell>
 <cell></cell>
 <cell></cell>
</row>
<row>
 <cell>To: Q_int[0]:D</cell>
 <cell></cell>
 <cell></cell>
 <cell></cell>
 <cell></cell>
 <cell></cell>
 <cell></cell>
 <cell></cell>
 <cell></cell>
</row>
<row>
 <cell>data arrival time</cell>
 <cell></cell>
 <cell></cell>
 <cell></cell>
 <cell></cell>
 <cell></cell>
 <cell>2.566</cell>
 <cell></cell>
 <cell></cell>
</row>
<row>
 <cell>data required time</cell>
 <cell></cell>
 <cell></cell>
 <cell></cell>
 <cell>-</cell>
 <cell></cell>
 <cell>N/C</cell>
 <cell></cell>
 <cell></cell>
</row>
<row>
 <cell>slack</cell>
 <cell></cell>
 <cell></cell>
 <cell></cell>
 <cell></cell>
 <cell></cell>
 <cell>N/C</cell>
 <cell></cell>
 <cell></cell>
</row>
<row>
</row>
<row>
 <cell>Data arrival time calculation</cell>
 <cell></cell>
 <cell></cell>
 <cell></cell>
 <cell></cell>
 <cell></cell>
 <cell></cell>
 <cell></cell>
 <cell></cell>
</row>
<row>
 <cell>D</cell>
 <cell></cell>
 <cell></cell>
 <cell></cell>
 <cell></cell>
 <cell>0.000</cell>
 <cell>0.000</cell>
 <cell></cell>
 <cell>r</cell>
</row>
<row>
 <cell>D_ibuf/U0/U_IOPAD:PAD</cell>
 <cell>net</cell>
 <cell>D</cell>
 <cell></cell>
 <cell>+</cell>
 <cell>0.000</cell>
 <cell>0.000</cell>
 <cell></cell>
 <cell>r</cell>
</row>
<row>
 <cell>D_ibuf/U0/U_IOPAD:Y</cell>
 <cell>cell</cell>
 <cell></cell>
 <cell>ADLIB:IOPAD_IN</cell>
 <cell>+</cell>
 <cell>1.456</cell>
 <cell>1.456</cell>
 <cell>1</cell>
 <cell>r</cell>
</row>
<row>
 <cell>D_ibuf/U0/U_IOINFF:A</cell>
 <cell>net</cell>
 <cell>D_ibuf/U0/YIN1</cell>
 <cell></cell>
 <cell>+</cell>
 <cell>0.052</cell>
 <cell>1.508</cell>
 <cell></cell>
 <cell>r</cell>
</row>
<row>
 <cell>D_ibuf/U0/U_IOINFF:Y</cell>
 <cell>cell</cell>
 <cell></cell>
 <cell>ADLIB:IOINFF_BYPASS</cell>
 <cell>+</cell>
 <cell>0.110</cell>
 <cell>1.618</cell>
 <cell>1</cell>
 <cell>r</cell>
</row>
<row>
 <cell>Q_int[0]:D</cell>
 <cell>net</cell>
 <cell>D_c</cell>
 <cell></cell>
 <cell>+</cell>
 <cell>0.948</cell>
 <cell>2.566</cell>
 <cell></cell>
 <cell>r</cell>
</row>
<row>
 <cell>data arrival time</cell>
 <cell></cell>
 <cell></cell>
 <cell></cell>
 <cell></cell>
 <cell></cell>
 <cell>2.566</cell>
 <cell></cell>
 <cell></cell>
</row>
<row>
</row>
<row>
 <cell>Data required time calculation</cell>
 <cell></cell>
 <cell></cell>
 <cell></cell>
 <cell></cell>
 <cell></cell>
 <cell></cell>
 <cell></cell>
 <cell></cell>
</row>
<row>
 <cell>CLK</cell>
 <cell></cell>
 <cell></cell>
 <cell></cell>
 <cell></cell>
 <cell>N/C</cell>
 <cell>N/C</cell>
 <cell></cell>
 <cell></cell>
</row>
<row>
 <cell>CLK</cell>
 <cell>Clock source</cell>
 <cell></cell>
 <cell></cell>
 <cell>+</cell>
 <cell>0.000</cell>
 <cell>N/C</cell>
 <cell></cell>
 <cell>r</cell>
</row>
<row>
 <cell>CLK_ibuf/U0/U_IOPAD:PAD</cell>
 <cell>net</cell>
 <cell>CLK</cell>
 <cell></cell>
 <cell>+</cell>
 <cell>0.000</cell>
 <cell>N/C</cell>
 <cell></cell>
 <cell>r</cell>
</row>
<row>
 <cell>CLK_ibuf/U0/U_IOPAD:Y</cell>
 <cell>cell</cell>
 <cell></cell>
 <cell>ADLIB:IOPAD_IN</cell>
 <cell>+</cell>
 <cell>1.497</cell>
 <cell>N/C</cell>
 <cell>2</cell>
 <cell>r</cell>
</row>
<row>
 <cell>CLK_ibuf_RNIVQ04:An</cell>
 <cell>net</cell>
 <cell>CLK_ibuf_Z</cell>
 <cell></cell>
 <cell>+</cell>
 <cell>0.063</cell>
 <cell>N/C</cell>
 <cell></cell>
 <cell>f</cell>
</row>
<row>
 <cell>CLK_ibuf_RNIVQ04:YSn</cell>
 <cell>cell</cell>
 <cell></cell>
 <cell>ADLIB:GB</cell>
 <cell>+</cell>
 <cell>0.101</cell>
 <cell>N/C</cell>
 <cell>2</cell>
 <cell>f</cell>
</row>
<row>
 <cell>CLK_ibuf_RNIVQ04/U0_RGB1:An</cell>
 <cell>net</cell>
 <cell>CLK_ibuf_RNIVQ04/U0_YNn_GSouth</cell>
 <cell></cell>
 <cell>+</cell>
 <cell>0.341</cell>
 <cell>N/C</cell>
 <cell></cell>
 <cell>f</cell>
</row>
<row>
 <cell>CLK_ibuf_RNIVQ04/U0_RGB1:YR</cell>
 <cell>cell</cell>
 <cell></cell>
 <cell>ADLIB:RGB</cell>
 <cell>+</cell>
 <cell>0.295</cell>
 <cell>N/C</cell>
 <cell>23</cell>
 <cell>r</cell>
</row>
<row>
 <cell>Q_int[0]:CLK</cell>
 <cell>net</cell>
 <cell>CLK_ibuf_RNIVQ04/U0_RGB1_YR</cell>
 <cell></cell>
 <cell>+</cell>
 <cell>0.575</cell>
 <cell>N/C</cell>
 <cell></cell>
 <cell>r</cell>
</row>
<row>
 <cell>Q_int[0]:D</cell>
 <cell>Library hold time</cell>
 <cell></cell>
 <cell>ADLIB:SLE</cell>
 <cell>+</cell>
 <cell>0.000</cell>
 <cell>N/C</cell>
 <cell></cell>
 <cell></cell>
</row>
<row>
</row>
<row>
 <cell>Operating Conditions</cell>
 <cell>WORST</cell>
</row>
</table>
</section>
<section>
<name>SET Clock to Output</name>
<table>
<header>
 <cell/>
 <cell>From</cell>
 <cell>To</cell>
 <cell>Delay (ns)</cell>
 <cell>Slack (ns)</cell>
 <cell>Arrival (ns)</cell>
 <cell>Required (ns)</cell>
 <cell>Clock to Out (ns)</cell>
 <cell>Operating Conditions</cell>
</header>
<row>
 <cell>Path 1</cell>
 <cell>Q_int[28]:CLK</cell>
 <cell>Q[28]</cell>
 <cell>2.623</cell>
 <cell></cell>
 <cell>4.196</cell>
 <cell></cell>
 <cell>4.196</cell>
 <cell>BEST</cell>
</row>
<row>
 <cell>Path 2</cell>
 <cell>Q_int[21]:CLK</cell>
 <cell>Q[21]</cell>
 <cell>2.611</cell>
 <cell></cell>
 <cell>4.201</cell>
 <cell></cell>
 <cell>4.201</cell>
 <cell>BEST</cell>
</row>
<row>
 <cell>Path 3</cell>
 <cell>Q_int[1]:CLK</cell>
 <cell>Q[1]</cell>
 <cell>2.652</cell>
 <cell></cell>
 <cell>4.240</cell>
 <cell></cell>
 <cell>4.240</cell>
 <cell>BEST</cell>
</row>
<row>
 <cell>Path 4</cell>
 <cell>Q_int[3]:CLK</cell>
 <cell>Q[3]</cell>
 <cell>2.688</cell>
 <cell></cell>
 <cell>4.276</cell>
 <cell></cell>
 <cell>4.276</cell>
 <cell>BEST</cell>
</row>
<row>
 <cell>Path 5</cell>
 <cell>Q_int[18]:CLK</cell>
 <cell>Q[18]</cell>
 <cell>2.691</cell>
 <cell></cell>
 <cell>4.281</cell>
 <cell></cell>
 <cell>4.281</cell>
 <cell>BEST</cell>
</row>
</table>
<text></text>
<section><name>Expanded Path 1</name></section>
<table>
<header>
 <cell>Pin Name</cell>
 <cell>Type</cell>
 <cell>Net Name</cell>
 <cell>Cell Name</cell>
 <cell>Op</cell>
 <cell>Delay (ns)</cell>
 <cell>Total (ns)</cell>
 <cell>Fanout</cell>
 <cell>Edge</cell>
</header>
<row>
 <cell>From: Q_int[28]:CLK</cell>
 <cell></cell>
 <cell></cell>
 <cell></cell>
 <cell></cell>
 <cell></cell>
 <cell></cell>
 <cell></cell>
 <cell></cell>
</row>
<row>
 <cell>To: Q[28]</cell>
 <cell></cell>
 <cell></cell>
 <cell></cell>
 <cell></cell>
 <cell></cell>
 <cell></cell>
 <cell></cell>
 <cell></cell>
</row>
<row>
 <cell>data arrival time</cell>
 <cell></cell>
 <cell></cell>
 <cell></cell>
 <cell></cell>
 <cell></cell>
 <cell>4.196</cell>
 <cell></cell>
 <cell></cell>
</row>
<row>
 <cell>data required time</cell>
 <cell></cell>
 <cell></cell>
 <cell></cell>
 <cell>-</cell>
 <cell></cell>
 <cell>N/C</cell>
 <cell></cell>
 <cell></cell>
</row>
<row>
 <cell>slack</cell>
 <cell></cell>
 <cell></cell>
 <cell></cell>
 <cell></cell>
 <cell></cell>
 <cell>N/C</cell>
 <cell></cell>
 <cell></cell>
</row>
<row>
</row>
<row>
 <cell>Data arrival time calculation</cell>
 <cell></cell>
 <cell></cell>
 <cell></cell>
 <cell></cell>
 <cell></cell>
 <cell></cell>
 <cell></cell>
 <cell></cell>
</row>
<row>
 <cell>CLK</cell>
 <cell></cell>
 <cell></cell>
 <cell></cell>
 <cell></cell>
 <cell>0.000</cell>
 <cell>0.000</cell>
 <cell></cell>
 <cell></cell>
</row>
<row>
 <cell>CLK</cell>
 <cell>Clock source</cell>
 <cell></cell>
 <cell></cell>
 <cell>+</cell>
 <cell>0.000</cell>
 <cell>0.000</cell>
 <cell></cell>
 <cell>r</cell>
</row>
<row>
 <cell>CLK_ibuf/U0/U_IOPAD:PAD</cell>
 <cell>net</cell>
 <cell>CLK</cell>
 <cell></cell>
 <cell>+</cell>
 <cell>0.000</cell>
 <cell>0.000</cell>
 <cell></cell>
 <cell>r</cell>
</row>
<row>
 <cell>CLK_ibuf/U0/U_IOPAD:Y</cell>
 <cell>cell</cell>
 <cell></cell>
 <cell>ADLIB:IOPAD_IN</cell>
 <cell>+</cell>
 <cell>0.797</cell>
 <cell>0.797</cell>
 <cell>2</cell>
 <cell>r</cell>
</row>
<row>
 <cell>CLK_ibuf_RNIVQ04:An</cell>
 <cell>net</cell>
 <cell>CLK_ibuf_Z</cell>
 <cell></cell>
 <cell>+</cell>
 <cell>0.036</cell>
 <cell>0.833</cell>
 <cell></cell>
 <cell>f</cell>
</row>
<row>
 <cell>CLK_ibuf_RNIVQ04:YSn</cell>
 <cell>cell</cell>
 <cell></cell>
 <cell>ADLIB:GB</cell>
 <cell>+</cell>
 <cell>0.057</cell>
 <cell>0.890</cell>
 <cell>2</cell>
 <cell>f</cell>
</row>
<row>
 <cell>CLK_ibuf_RNIVQ04/U0_RGB1_RGB0:An</cell>
 <cell>net</cell>
 <cell>CLK_ibuf_RNIVQ04/U0_YNn_GSouth</cell>
 <cell></cell>
 <cell>+</cell>
 <cell>0.194</cell>
 <cell>1.084</cell>
 <cell></cell>
 <cell>f</cell>
</row>
<row>
 <cell>CLK_ibuf_RNIVQ04/U0_RGB1_RGB0:YR</cell>
 <cell>cell</cell>
 <cell></cell>
 <cell>ADLIB:RGB</cell>
 <cell>+</cell>
 <cell>0.168</cell>
 <cell>1.252</cell>
 <cell>9</cell>
 <cell>r</cell>
</row>
<row>
 <cell>Q_int[28]:CLK</cell>
 <cell>net</cell>
 <cell>CLK_ibuf_RNIVQ04/U0_RGB1_RGB0_rgbr_net_1</cell>
 <cell></cell>
 <cell>+</cell>
 <cell>0.321</cell>
 <cell>1.573</cell>
 <cell></cell>
 <cell>r</cell>
</row>
<row>
 <cell>Q_int[28]:Q</cell>
 <cell>cell</cell>
 <cell></cell>
 <cell>ADLIB:SLE</cell>
 <cell>+</cell>
 <cell>0.058</cell>
 <cell>1.631</cell>
 <cell>2</cell>
 <cell>r</cell>
</row>
<row>
 <cell>Q_obuf[28]/U0/U_IOOUTFF:A</cell>
 <cell>net</cell>
 <cell>Q_c[28]</cell>
 <cell></cell>
 <cell>+</cell>
 <cell>0.616</cell>
 <cell>2.247</cell>
 <cell></cell>
 <cell>r</cell>
</row>
<row>
 <cell>Q_obuf[28]/U0/U_IOOUTFF:Y</cell>
 <cell>cell</cell>
 <cell></cell>
 <cell>ADLIB:IOOUTFF_BYPASS</cell>
 <cell>+</cell>
 <cell>0.124</cell>
 <cell>2.371</cell>
 <cell>1</cell>
 <cell>r</cell>
</row>
<row>
 <cell>Q_obuf[28]/U0/U_IOPAD:D</cell>
 <cell>net</cell>
 <cell>Q_obuf[28]/U0/DOUT</cell>
 <cell></cell>
 <cell>+</cell>
 <cell>0.204</cell>
 <cell>2.575</cell>
 <cell></cell>
 <cell>r</cell>
</row>
<row>
 <cell>Q_obuf[28]/U0/U_IOPAD:PAD</cell>
 <cell>cell</cell>
 <cell></cell>
 <cell>ADLIB:IOPAD_TRI</cell>
 <cell>+</cell>
 <cell>1.621</cell>
 <cell>4.196</cell>
 <cell>0</cell>
 <cell>r</cell>
</row>
<row>
 <cell>Q[28]</cell>
 <cell>net</cell>
 <cell>Q[28]</cell>
 <cell></cell>
 <cell>+</cell>
 <cell>0.000</cell>
 <cell>4.196</cell>
 <cell></cell>
 <cell>r</cell>
</row>
<row>
 <cell>data arrival time</cell>
 <cell></cell>
 <cell></cell>
 <cell></cell>
 <cell></cell>
 <cell></cell>
 <cell>4.196</cell>
 <cell></cell>
 <cell></cell>
</row>
<row>
</row>
<row>
 <cell>Data required time calculation</cell>
 <cell></cell>
 <cell></cell>
 <cell></cell>
 <cell></cell>
 <cell></cell>
 <cell></cell>
 <cell></cell>
 <cell></cell>
</row>
<row>
 <cell>CLK</cell>
 <cell></cell>
 <cell></cell>
 <cell></cell>
 <cell></cell>
 <cell>N/C</cell>
 <cell>N/C</cell>
 <cell></cell>
 <cell></cell>
</row>
<row>
 <cell>CLK</cell>
 <cell>Clock source</cell>
 <cell></cell>
 <cell></cell>
 <cell>+</cell>
 <cell>0.000</cell>
 <cell>N/C</cell>
 <cell></cell>
 <cell>r</cell>
</row>
<row>
 <cell>Q[28]</cell>
 <cell></cell>
 <cell></cell>
 <cell></cell>
 <cell></cell>
 <cell></cell>
 <cell>N/C</cell>
 <cell></cell>
 <cell>r</cell>
</row>
<row>
</row>
<row>
 <cell>Operating Conditions</cell>
 <cell>BEST</cell>
</row>
</table>
</section>
<section>
<name>SET Register to Asynchronous</name>
<text>No Path</text>
</section>
<section>
<name>SET External Removal</name>
<table>
<header>
 <cell/>
 <cell>From</cell>
 <cell>To</cell>
 <cell>Delay (ns)</cell>
 <cell>Slack (ns)</cell>
 <cell>Arrival (ns)</cell>
 <cell>Required (ns)</cell>
 <cell>Removal (ns)</cell>
 <cell>External Removal (ns)</cell>
 <cell>Operating Conditions</cell>
</header>
<row>
 <cell>Path 1</cell>
 <cell>RST</cell>
 <cell>Q_int[20]:ALn</cell>
 <cell>1.836</cell>
 <cell></cell>
 <cell>1.836</cell>
 <cell></cell>
 <cell>0.000</cell>
 <cell>-0.198</cell>
 <cell>BEST</cell>
</row>
<row>
 <cell>Path 2</cell>
 <cell>RST</cell>
 <cell>Q_int[18]:ALn</cell>
 <cell>1.836</cell>
 <cell></cell>
 <cell>1.836</cell>
 <cell></cell>
 <cell>0.000</cell>
 <cell>-0.198</cell>
 <cell>BEST</cell>
</row>
<row>
 <cell>Path 3</cell>
 <cell>RST</cell>
 <cell>Q_int[17]:ALn</cell>
 <cell>1.836</cell>
 <cell></cell>
 <cell>1.836</cell>
 <cell></cell>
 <cell>0.000</cell>
 <cell>-0.198</cell>
 <cell>BEST</cell>
</row>
<row>
 <cell>Path 4</cell>
 <cell>RST</cell>
 <cell>Q_int[15]:ALn</cell>
 <cell>1.836</cell>
 <cell></cell>
 <cell>1.836</cell>
 <cell></cell>
 <cell>0.000</cell>
 <cell>-0.198</cell>
 <cell>BEST</cell>
</row>
<row>
 <cell>Path 5</cell>
 <cell>RST</cell>
 <cell>Q_int[12]:ALn</cell>
 <cell>1.836</cell>
 <cell></cell>
 <cell>1.836</cell>
 <cell></cell>
 <cell>0.000</cell>
 <cell>-0.198</cell>
 <cell>BEST</cell>
</row>
</table>
<text></text>
<section><name>Expanded Path 1</name></section>
<table>
<header>
 <cell>Pin Name</cell>
 <cell>Type</cell>
 <cell>Net Name</cell>
 <cell>Cell Name</cell>
 <cell>Op</cell>
 <cell>Delay (ns)</cell>
 <cell>Total (ns)</cell>
 <cell>Fanout</cell>
 <cell>Edge</cell>
</header>
<row>
 <cell>From: RST</cell>
 <cell></cell>
 <cell></cell>
 <cell></cell>
 <cell></cell>
 <cell></cell>
 <cell></cell>
 <cell></cell>
 <cell></cell>
</row>
<row>
 <cell>To: Q_int[20]:ALn</cell>
 <cell></cell>
 <cell></cell>
 <cell></cell>
 <cell></cell>
 <cell></cell>
 <cell></cell>
 <cell></cell>
 <cell></cell>
</row>
<row>
 <cell>data arrival time</cell>
 <cell></cell>
 <cell></cell>
 <cell></cell>
 <cell></cell>
 <cell></cell>
 <cell>1.836</cell>
 <cell></cell>
 <cell></cell>
</row>
<row>
 <cell>data required time</cell>
 <cell></cell>
 <cell></cell>
 <cell></cell>
 <cell>-</cell>
 <cell></cell>
 <cell>N/C</cell>
 <cell></cell>
 <cell></cell>
</row>
<row>
 <cell>slack</cell>
 <cell></cell>
 <cell></cell>
 <cell></cell>
 <cell></cell>
 <cell></cell>
 <cell>N/C</cell>
 <cell></cell>
 <cell></cell>
</row>
<row>
</row>
<row>
 <cell>Data arrival time calculation</cell>
 <cell></cell>
 <cell></cell>
 <cell></cell>
 <cell></cell>
 <cell></cell>
 <cell></cell>
 <cell></cell>
 <cell></cell>
</row>
<row>
 <cell>RST</cell>
 <cell></cell>
 <cell></cell>
 <cell></cell>
 <cell></cell>
 <cell>0.000</cell>
 <cell>0.000</cell>
 <cell></cell>
 <cell>f</cell>
</row>
<row>
 <cell>RST_ibuf/U0/U_IOPAD:PAD</cell>
 <cell>net</cell>
 <cell>RST</cell>
 <cell></cell>
 <cell>+</cell>
 <cell>0.000</cell>
 <cell>0.000</cell>
 <cell></cell>
 <cell>f</cell>
</row>
<row>
 <cell>RST_ibuf/U0/U_IOPAD:Y</cell>
 <cell>cell</cell>
 <cell></cell>
 <cell>ADLIB:IOPAD_IN</cell>
 <cell>+</cell>
 <cell>0.890</cell>
 <cell>0.890</cell>
 <cell>2</cell>
 <cell>f</cell>
</row>
<row>
 <cell>RST_ibuf_RNIUR47:An</cell>
 <cell>net</cell>
 <cell>RST_ibuf_Z</cell>
 <cell></cell>
 <cell>+</cell>
 <cell>0.207</cell>
 <cell>1.097</cell>
 <cell></cell>
 <cell>r</cell>
</row>
<row>
 <cell>RST_ibuf_RNIUR47:YSn</cell>
 <cell>cell</cell>
 <cell></cell>
 <cell>ADLIB:GB</cell>
 <cell>+</cell>
 <cell>0.054</cell>
 <cell>1.151</cell>
 <cell>2</cell>
 <cell>r</cell>
</row>
<row>
 <cell>RST_ibuf_RNIUR47/U0_RGB1:An</cell>
 <cell>net</cell>
 <cell>RST_ibuf_RNIUR47/U0_YNn_GSouth</cell>
 <cell></cell>
 <cell>+</cell>
 <cell>0.192</cell>
 <cell>1.343</cell>
 <cell></cell>
 <cell>r</cell>
</row>
<row>
 <cell>RST_ibuf_RNIUR47/U0_RGB1:YR</cell>
 <cell>cell</cell>
 <cell></cell>
 <cell>ADLIB:RGB</cell>
 <cell>+</cell>
 <cell>0.121</cell>
 <cell>1.464</cell>
 <cell>23</cell>
 <cell>f</cell>
</row>
<row>
 <cell>Q_int[20]:ALn</cell>
 <cell>net</cell>
 <cell>RST_ibuf_RNIUR47/U0_RGB1_YR</cell>
 <cell></cell>
 <cell>+</cell>
 <cell>0.372</cell>
 <cell>1.836</cell>
 <cell></cell>
 <cell>r</cell>
</row>
<row>
 <cell>data arrival time</cell>
 <cell></cell>
 <cell></cell>
 <cell></cell>
 <cell></cell>
 <cell></cell>
 <cell>1.836</cell>
 <cell></cell>
 <cell></cell>
</row>
<row>
</row>
<row>
 <cell>Data required time calculation</cell>
 <cell></cell>
 <cell></cell>
 <cell></cell>
 <cell></cell>
 <cell></cell>
 <cell></cell>
 <cell></cell>
 <cell></cell>
</row>
<row>
 <cell>CLK</cell>
 <cell></cell>
 <cell></cell>
 <cell></cell>
 <cell></cell>
 <cell>N/C</cell>
 <cell>N/C</cell>
 <cell></cell>
 <cell></cell>
</row>
<row>
 <cell>CLK</cell>
 <cell>Clock source</cell>
 <cell></cell>
 <cell></cell>
 <cell>+</cell>
 <cell>0.000</cell>
 <cell>N/C</cell>
 <cell></cell>
 <cell>r</cell>
</row>
<row>
 <cell>CLK_ibuf/U0/U_IOPAD:PAD</cell>
 <cell>net</cell>
 <cell>CLK</cell>
 <cell></cell>
 <cell>+</cell>
 <cell>0.000</cell>
 <cell>N/C</cell>
 <cell></cell>
 <cell>r</cell>
</row>
<row>
 <cell>CLK_ibuf/U0/U_IOPAD:Y</cell>
 <cell>cell</cell>
 <cell></cell>
 <cell>ADLIB:IOPAD_IN</cell>
 <cell>+</cell>
 <cell>0.821</cell>
 <cell>N/C</cell>
 <cell>2</cell>
 <cell>r</cell>
</row>
<row>
 <cell>CLK_ibuf_RNIVQ04:An</cell>
 <cell>net</cell>
 <cell>CLK_ibuf_Z</cell>
 <cell></cell>
 <cell>+</cell>
 <cell>0.037</cell>
 <cell>N/C</cell>
 <cell></cell>
 <cell>f</cell>
</row>
<row>
 <cell>CLK_ibuf_RNIVQ04:YSn</cell>
 <cell>cell</cell>
 <cell></cell>
 <cell>ADLIB:GB</cell>
 <cell>+</cell>
 <cell>0.058</cell>
 <cell>N/C</cell>
 <cell>2</cell>
 <cell>f</cell>
</row>
<row>
 <cell>CLK_ibuf_RNIVQ04/U0_RGB1:An</cell>
 <cell>net</cell>
 <cell>CLK_ibuf_RNIVQ04/U0_YNn_GSouth</cell>
 <cell></cell>
 <cell>+</cell>
 <cell>0.200</cell>
 <cell>N/C</cell>
 <cell></cell>
 <cell>f</cell>
</row>
<row>
 <cell>CLK_ibuf_RNIVQ04/U0_RGB1:YR</cell>
 <cell>cell</cell>
 <cell></cell>
 <cell>ADLIB:RGB</cell>
 <cell>+</cell>
 <cell>0.173</cell>
 <cell>N/C</cell>
 <cell>23</cell>
 <cell>r</cell>
</row>
<row>
 <cell>Q_int[20]:CLK</cell>
 <cell>net</cell>
 <cell>CLK_ibuf_RNIVQ04/U0_RGB1_YR</cell>
 <cell></cell>
 <cell>+</cell>
 <cell>0.349</cell>
 <cell>N/C</cell>
 <cell></cell>
 <cell>r</cell>
</row>
<row>
 <cell>Q_int[20]:ALn</cell>
 <cell>Library removal time</cell>
 <cell></cell>
 <cell>ADLIB:SLE</cell>
 <cell>+</cell>
 <cell>0.000</cell>
 <cell>N/C</cell>
 <cell></cell>
 <cell></cell>
</row>
<row>
</row>
<row>
 <cell>Operating Conditions</cell>
 <cell>BEST</cell>
</row>
</table>
</section>
<section>
<name>SET Asynchronous to Register</name>
<text>No Path</text>
</section>
</section>
<section>
<name>Path Set Pin to Pin</name>
<section>
<name>SET Input to Output</name>
<text>No Path</text>
</section>
</section>
<section>
<name>Path Set User Sets</name>
</section>
</doc>
