<?xml version="1.0" encoding="UTF-8" standalone="no" ?>
<?xml-stylesheet href="rptstyle.xsl" type="text/xsl" ?>
<doc>
<title>Timing Multi Corner Report Max Delay Analysis
</title>
<text>SmartTime Version 12.900.20.24</text>
<text>Microsemi Corporation - Microsemi Libero Software Release v12.6 (Version 12.900.20.24)</text>
<text>Date: Tue Oct 17 19:37:20 2023
</text>
<table>
<header>
</header>
<row>
 <cell>Design</cell>
 <cell>shift_reg32</cell>
</row>
<row>
 <cell>Family</cell>
 <cell>SmartFusion2</cell>
</row>
<row>
 <cell>Die</cell>
 <cell>M2S010</cell>
</row>
<row>
 <cell>Package</cell>
 <cell>144 TQ</cell>
</row>
<row>
 <cell>Temperature Range</cell>
 <cell>0 - 85 C</cell>
</row>
<row>
 <cell>Voltage Range</cell>
 <cell>1.14 - 1.26 V</cell>
</row>
<row>
 <cell>Speed Grade</cell>
 <cell>STD</cell>
</row>
<row>
 <cell>Design State</cell>
 <cell>Post-Layout</cell>
</row>
<row>
 <cell>Data source</cell>
 <cell>Production</cell>
</row>
<row>
 <cell>Multi Corner Report Operating Conditions</cell>
 <cell>BEST, TYPICAL, WORST</cell>
</row>
<row>
 <cell>Scenario for Timing Analysis</cell>
 <cell>timing_analysis</cell>
</row>
</table>
<text></text>
<section>
<name>Summary</name>
<table>
<header>
 <cell>Clock Domain</cell>
 <cell>Required Period (ns)</cell>
 <cell>Required Frequency (MHz)</cell>
 <cell>Worst Slack (ns)</cell>
 <cell>Operating Conditions</cell>
</header>
<row>
 <cell>CLK</cell>
 <cell>1.667</cell>
 <cell>599.880</cell>
 <cell>0.639</cell>
 <cell>WORST</cell>
</row>
</table>
<text></text>
<table>
<header>
 <cell></cell>
 <cell>Worst Slack (ns)</cell>
 <cell>Operating Conditions</cell>
</header>
<row>
 <cell>Input to Output</cell>
 <cell></cell>
 <cell></cell>
</row>
</table>
</section>
<section>
<name>Clock Domain CLK</name>
<text></text>
<section>
<name>SET Register to Register</name>
<table>
<header>
 <cell/>
 <cell>From</cell>
 <cell>To</cell>
 <cell>Delay (ns)</cell>
 <cell>Slack (ns)</cell>
 <cell>Arrival (ns)</cell>
 <cell>Required (ns)</cell>
 <cell>Setup (ns)</cell>
 <cell>Minimum Period (ns)</cell>
 <cell>Operating Conditions</cell>
</header>
<row>
 <cell>Path 1</cell>
 <cell>Q_int[30]:CLK</cell>
 <cell>Q_int[31]:D</cell>
 <cell>0.713</cell>
 <cell>0.639</cell>
 <cell>3.575</cell>
 <cell>4.214</cell>
 <cell>0.298</cell>
 <cell>1.028</cell>
 <cell>WORST</cell>
</row>
<row>
 <cell>Path 2</cell>
 <cell>Q_int[22]:CLK</cell>
 <cell>Q_int[23]:D</cell>
 <cell>0.702</cell>
 <cell>0.647</cell>
 <cell>3.578</cell>
 <cell>4.225</cell>
 <cell>0.298</cell>
 <cell>1.020</cell>
 <cell>WORST</cell>
</row>
<row>
 <cell>Path 3</cell>
 <cell>Q_int[10]:CLK</cell>
 <cell>Q_int[11]:D</cell>
 <cell>0.708</cell>
 <cell>0.648</cell>
 <cell>3.580</cell>
 <cell>4.228</cell>
 <cell>0.298</cell>
 <cell>1.019</cell>
 <cell>WORST</cell>
</row>
<row>
 <cell>Path 4</cell>
 <cell>Q_int[6]:CLK</cell>
 <cell>Q_int[7]:D</cell>
 <cell>0.701</cell>
 <cell>0.651</cell>
 <cell>3.573</cell>
 <cell>4.224</cell>
 <cell>0.298</cell>
 <cell>1.016</cell>
 <cell>WORST</cell>
</row>
<row>
 <cell>Path 5</cell>
 <cell>Q_int[16]:CLK</cell>
 <cell>Q_int[17]:D</cell>
 <cell>0.703</cell>
 <cell>0.663</cell>
 <cell>3.579</cell>
 <cell>4.242</cell>
 <cell>0.298</cell>
 <cell>1.004</cell>
 <cell>WORST</cell>
</row>
</table>
<text></text>
<section><name>Expanded Path 1</name></section>
<table>
<header>
 <cell>Pin Name</cell>
 <cell>Type</cell>
 <cell>Net Name</cell>
 <cell>Cell Name</cell>
 <cell>Op</cell>
 <cell>Delay (ns)</cell>
 <cell>Total (ns)</cell>
 <cell>Fanout</cell>
 <cell>Edge</cell>
</header>
<row>
 <cell>From: Q_int[30]:CLK</cell>
 <cell></cell>
 <cell></cell>
 <cell></cell>
 <cell></cell>
 <cell></cell>
 <cell></cell>
 <cell></cell>
 <cell></cell>
</row>
<row>
 <cell>To: Q_int[31]:D</cell>
 <cell></cell>
 <cell></cell>
 <cell></cell>
 <cell></cell>
 <cell></cell>
 <cell></cell>
 <cell></cell>
 <cell></cell>
</row>
<row>
 <cell>data required time</cell>
 <cell></cell>
 <cell></cell>
 <cell></cell>
 <cell></cell>
 <cell></cell>
 <cell>4.214</cell>
 <cell></cell>
 <cell></cell>
</row>
<row>
 <cell>data arrival time</cell>
 <cell></cell>
 <cell></cell>
 <cell></cell>
 <cell>-</cell>
 <cell></cell>
 <cell>3.575</cell>
 <cell></cell>
 <cell></cell>
</row>
<row>
 <cell>slack</cell>
 <cell></cell>
 <cell></cell>
 <cell></cell>
 <cell></cell>
 <cell></cell>
 <cell>0.639</cell>
 <cell></cell>
 <cell></cell>
</row>
<row>
</row>
<row>
 <cell>Data arrival time calculation</cell>
 <cell></cell>
 <cell></cell>
 <cell></cell>
 <cell></cell>
 <cell></cell>
 <cell></cell>
 <cell></cell>
 <cell></cell>
</row>
<row>
 <cell>CLK</cell>
 <cell></cell>
 <cell></cell>
 <cell></cell>
 <cell></cell>
 <cell>0.000</cell>
 <cell>0.000</cell>
 <cell></cell>
 <cell></cell>
</row>
<row>
 <cell>CLK</cell>
 <cell>Clock source</cell>
 <cell></cell>
 <cell></cell>
 <cell>+</cell>
 <cell>0.000</cell>
 <cell>0.000</cell>
 <cell></cell>
 <cell>r</cell>
</row>
<row>
 <cell>CLK_ibuf/U0/U_IOPAD:PAD</cell>
 <cell>net</cell>
 <cell>CLK</cell>
 <cell></cell>
 <cell>+</cell>
 <cell>0.000</cell>
 <cell>0.000</cell>
 <cell></cell>
 <cell>r</cell>
</row>
<row>
 <cell>CLK_ibuf/U0/U_IOPAD:Y</cell>
 <cell>cell</cell>
 <cell></cell>
 <cell>ADLIB:IOPAD_IN</cell>
 <cell>+</cell>
 <cell>1.497</cell>
 <cell>1.497</cell>
 <cell>2</cell>
 <cell>r</cell>
</row>
<row>
 <cell>CLK_ibuf_RNIVQ04:An</cell>
 <cell>net</cell>
 <cell>CLK_ibuf_Z</cell>
 <cell></cell>
 <cell>+</cell>
 <cell>0.063</cell>
 <cell>1.560</cell>
 <cell></cell>
 <cell>f</cell>
</row>
<row>
 <cell>CLK_ibuf_RNIVQ04:YSn</cell>
 <cell>cell</cell>
 <cell></cell>
 <cell>ADLIB:GB</cell>
 <cell>+</cell>
 <cell>0.101</cell>
 <cell>1.661</cell>
 <cell>2</cell>
 <cell>f</cell>
</row>
<row>
 <cell>CLK_ibuf_RNIVQ04/U0_RGB1_RGB0:An</cell>
 <cell>net</cell>
 <cell>CLK_ibuf_RNIVQ04/U0_YNn_GSouth</cell>
 <cell></cell>
 <cell>+</cell>
 <cell>0.342</cell>
 <cell>2.003</cell>
 <cell></cell>
 <cell>f</cell>
</row>
<row>
 <cell>CLK_ibuf_RNIVQ04/U0_RGB1_RGB0:YR</cell>
 <cell>cell</cell>
 <cell></cell>
 <cell>ADLIB:RGB</cell>
 <cell>+</cell>
 <cell>0.295</cell>
 <cell>2.298</cell>
 <cell>9</cell>
 <cell>r</cell>
</row>
<row>
 <cell>Q_int[30]:CLK</cell>
 <cell>net</cell>
 <cell>CLK_ibuf_RNIVQ04/U0_RGB1_RGB0_rgbr_net_1</cell>
 <cell></cell>
 <cell>+</cell>
 <cell>0.564</cell>
 <cell>2.862</cell>
 <cell></cell>
 <cell>r</cell>
</row>
<row>
 <cell>Q_int[30]:Q</cell>
 <cell>cell</cell>
 <cell></cell>
 <cell>ADLIB:SLE</cell>
 <cell>+</cell>
 <cell>0.102</cell>
 <cell>2.964</cell>
 <cell>2</cell>
 <cell>r</cell>
</row>
<row>
 <cell>Q_int[31]:D</cell>
 <cell>net</cell>
 <cell>Q_c[30]</cell>
 <cell></cell>
 <cell>+</cell>
 <cell>0.611</cell>
 <cell>3.575</cell>
 <cell></cell>
 <cell>r</cell>
</row>
<row>
 <cell>data arrival time</cell>
 <cell></cell>
 <cell></cell>
 <cell></cell>
 <cell></cell>
 <cell></cell>
 <cell>3.575</cell>
 <cell></cell>
 <cell></cell>
</row>
<row>
</row>
<row>
 <cell>Data required time calculation</cell>
 <cell></cell>
 <cell></cell>
 <cell></cell>
 <cell></cell>
 <cell></cell>
 <cell></cell>
 <cell></cell>
 <cell></cell>
</row>
<row>
 <cell>CLK</cell>
 <cell>Clock Constraint</cell>
 <cell></cell>
 <cell></cell>
 <cell></cell>
 <cell>1.667</cell>
 <cell>1.667</cell>
 <cell></cell>
 <cell></cell>
</row>
<row>
 <cell>CLK</cell>
 <cell>Clock source</cell>
 <cell></cell>
 <cell></cell>
 <cell>+</cell>
 <cell>0.000</cell>
 <cell>1.667</cell>
 <cell></cell>
 <cell>r</cell>
</row>
<row>
 <cell>CLK_ibuf/U0/U_IOPAD:PAD</cell>
 <cell>net</cell>
 <cell>CLK</cell>
 <cell></cell>
 <cell>+</cell>
 <cell>0.000</cell>
 <cell>1.667</cell>
 <cell></cell>
 <cell>r</cell>
</row>
<row>
 <cell>CLK_ibuf/U0/U_IOPAD:Y</cell>
 <cell>cell</cell>
 <cell></cell>
 <cell>ADLIB:IOPAD_IN</cell>
 <cell>+</cell>
 <cell>1.497</cell>
 <cell>3.164</cell>
 <cell>2</cell>
 <cell>r</cell>
</row>
<row>
 <cell>CLK_ibuf_RNIVQ04:An</cell>
 <cell>net</cell>
 <cell>CLK_ibuf_Z</cell>
 <cell></cell>
 <cell>+</cell>
 <cell>0.063</cell>
 <cell>3.227</cell>
 <cell></cell>
 <cell>f</cell>
</row>
<row>
 <cell>CLK_ibuf_RNIVQ04:YSn</cell>
 <cell>cell</cell>
 <cell></cell>
 <cell>ADLIB:GB</cell>
 <cell>+</cell>
 <cell>0.101</cell>
 <cell>3.328</cell>
 <cell>2</cell>
 <cell>f</cell>
</row>
<row>
 <cell>CLK_ibuf_RNIVQ04/U0_RGB1_RGB0:An</cell>
 <cell>net</cell>
 <cell>CLK_ibuf_RNIVQ04/U0_YNn_GSouth</cell>
 <cell></cell>
 <cell>+</cell>
 <cell>0.342</cell>
 <cell>3.670</cell>
 <cell></cell>
 <cell>f</cell>
</row>
<row>
 <cell>CLK_ibuf_RNIVQ04/U0_RGB1_RGB0:YR</cell>
 <cell>cell</cell>
 <cell></cell>
 <cell>ADLIB:RGB</cell>
 <cell>+</cell>
 <cell>0.295</cell>
 <cell>3.965</cell>
 <cell>9</cell>
 <cell>r</cell>
</row>
<row>
 <cell>Q_int[31]:CLK</cell>
 <cell>net</cell>
 <cell>CLK_ibuf_RNIVQ04/U0_RGB1_RGB0_rgbr_net_1</cell>
 <cell></cell>
 <cell>+</cell>
 <cell>0.547</cell>
 <cell>4.512</cell>
 <cell></cell>
 <cell>r</cell>
</row>
<row>
 <cell>Q_int[31]:D</cell>
 <cell>Library setup time</cell>
 <cell></cell>
 <cell>ADLIB:SLE</cell>
 <cell>-</cell>
 <cell>0.298</cell>
 <cell>4.214</cell>
 <cell></cell>
 <cell></cell>
</row>
<row>
 <cell>data required time</cell>
 <cell></cell>
 <cell></cell>
 <cell></cell>
 <cell></cell>
 <cell></cell>
 <cell>4.214</cell>
 <cell></cell>
 <cell></cell>
</row>
<row>
</row>
<row>
 <cell>Operating Conditions</cell>
 <cell>WORST</cell>
</row>
</table>
</section>
<section>
<name>SET External Setup</name>
<table>
<header>
 <cell/>
 <cell>From</cell>
 <cell>To</cell>
 <cell>Delay (ns)</cell>
 <cell>Slack (ns)</cell>
 <cell>Arrival (ns)</cell>
 <cell>Required (ns)</cell>
 <cell>Setup (ns)</cell>
 <cell>External Setup (ns)</cell>
 <cell>Operating Conditions</cell>
</header>
<row>
 <cell>Path 1</cell>
 <cell>EN</cell>
 <cell>Q_int[19]:EN</cell>
 <cell>3.020</cell>
 <cell></cell>
 <cell>3.020</cell>
 <cell></cell>
 <cell>0.363</cell>
 <cell>0.593</cell>
 <cell>WORST</cell>
</row>
<row>
 <cell>Path 2</cell>
 <cell>EN</cell>
 <cell>Q_int[16]:EN</cell>
 <cell>3.020</cell>
 <cell></cell>
 <cell>3.020</cell>
 <cell></cell>
 <cell>0.363</cell>
 <cell>0.593</cell>
 <cell>WORST</cell>
</row>
<row>
 <cell>Path 3</cell>
 <cell>EN</cell>
 <cell>Q_int[14]:EN</cell>
 <cell>3.020</cell>
 <cell></cell>
 <cell>3.020</cell>
 <cell></cell>
 <cell>0.363</cell>
 <cell>0.593</cell>
 <cell>WORST</cell>
</row>
<row>
 <cell>Path 4</cell>
 <cell>EN</cell>
 <cell>Q_int[13]:EN</cell>
 <cell>3.020</cell>
 <cell></cell>
 <cell>3.020</cell>
 <cell></cell>
 <cell>0.363</cell>
 <cell>0.593</cell>
 <cell>WORST</cell>
</row>
<row>
 <cell>Path 5</cell>
 <cell>EN</cell>
 <cell>Q_int[11]:EN</cell>
 <cell>3.020</cell>
 <cell></cell>
 <cell>3.020</cell>
 <cell></cell>
 <cell>0.363</cell>
 <cell>0.593</cell>
 <cell>WORST</cell>
</row>
</table>
<text></text>
<section><name>Expanded Path 1</name></section>
<table>
<header>
 <cell>Pin Name</cell>
 <cell>Type</cell>
 <cell>Net Name</cell>
 <cell>Cell Name</cell>
 <cell>Op</cell>
 <cell>Delay (ns)</cell>
 <cell>Total (ns)</cell>
 <cell>Fanout</cell>
 <cell>Edge</cell>
</header>
<row>
 <cell>From: EN</cell>
 <cell></cell>
 <cell></cell>
 <cell></cell>
 <cell></cell>
 <cell></cell>
 <cell></cell>
 <cell></cell>
 <cell></cell>
</row>
<row>
 <cell>To: Q_int[19]:EN</cell>
 <cell></cell>
 <cell></cell>
 <cell></cell>
 <cell></cell>
 <cell></cell>
 <cell></cell>
 <cell></cell>
 <cell></cell>
</row>
<row>
 <cell>data required time</cell>
 <cell></cell>
 <cell></cell>
 <cell></cell>
 <cell></cell>
 <cell></cell>
 <cell>N/C</cell>
 <cell></cell>
 <cell></cell>
</row>
<row>
 <cell>data arrival time</cell>
 <cell></cell>
 <cell></cell>
 <cell></cell>
 <cell>-</cell>
 <cell></cell>
 <cell>3.020</cell>
 <cell></cell>
 <cell></cell>
</row>
<row>
 <cell>slack</cell>
 <cell></cell>
 <cell></cell>
 <cell></cell>
 <cell></cell>
 <cell></cell>
 <cell>N/C</cell>
 <cell></cell>
 <cell></cell>
</row>
<row>
</row>
<row>
 <cell>Data arrival time calculation</cell>
 <cell></cell>
 <cell></cell>
 <cell></cell>
 <cell></cell>
 <cell></cell>
 <cell></cell>
 <cell></cell>
 <cell></cell>
</row>
<row>
 <cell>EN</cell>
 <cell></cell>
 <cell></cell>
 <cell></cell>
 <cell></cell>
 <cell>0.000</cell>
 <cell>0.000</cell>
 <cell></cell>
 <cell>f</cell>
</row>
<row>
 <cell>EN_ibuf/U0/U_IOPAD:PAD</cell>
 <cell>net</cell>
 <cell>EN</cell>
 <cell></cell>
 <cell>+</cell>
 <cell>0.000</cell>
 <cell>0.000</cell>
 <cell></cell>
 <cell>f</cell>
</row>
<row>
 <cell>EN_ibuf/U0/U_IOPAD:Y</cell>
 <cell>cell</cell>
 <cell></cell>
 <cell>ADLIB:IOPAD_IN</cell>
 <cell>+</cell>
 <cell>1.647</cell>
 <cell>1.647</cell>
 <cell>1</cell>
 <cell>f</cell>
</row>
<row>
 <cell>EN_ibuf/U0/U_IOINFF:A</cell>
 <cell>net</cell>
 <cell>EN_ibuf/U0/YIN1</cell>
 <cell></cell>
 <cell>+</cell>
 <cell>0.075</cell>
 <cell>1.722</cell>
 <cell></cell>
 <cell>f</cell>
</row>
<row>
 <cell>EN_ibuf/U0/U_IOINFF:Y</cell>
 <cell>cell</cell>
 <cell></cell>
 <cell>ADLIB:IOINFF_BYPASS</cell>
 <cell>+</cell>
 <cell>0.142</cell>
 <cell>1.864</cell>
 <cell>32</cell>
 <cell>f</cell>
</row>
<row>
 <cell>Q_int[19]:EN</cell>
 <cell>net</cell>
 <cell>EN_c</cell>
 <cell></cell>
 <cell>+</cell>
 <cell>1.156</cell>
 <cell>3.020</cell>
 <cell></cell>
 <cell>f</cell>
</row>
<row>
 <cell>data arrival time</cell>
 <cell></cell>
 <cell></cell>
 <cell></cell>
 <cell></cell>
 <cell></cell>
 <cell>3.020</cell>
 <cell></cell>
 <cell></cell>
</row>
<row>
</row>
<row>
 <cell>Data required time calculation</cell>
 <cell></cell>
 <cell></cell>
 <cell></cell>
 <cell></cell>
 <cell></cell>
 <cell></cell>
 <cell></cell>
 <cell></cell>
</row>
<row>
 <cell>CLK</cell>
 <cell></cell>
 <cell></cell>
 <cell></cell>
 <cell></cell>
 <cell>N/C</cell>
 <cell>N/C</cell>
 <cell></cell>
 <cell></cell>
</row>
<row>
 <cell>CLK</cell>
 <cell>Clock source</cell>
 <cell></cell>
 <cell></cell>
 <cell>+</cell>
 <cell>0.000</cell>
 <cell>N/C</cell>
 <cell></cell>
 <cell>r</cell>
</row>
<row>
 <cell>CLK_ibuf/U0/U_IOPAD:PAD</cell>
 <cell>net</cell>
 <cell>CLK</cell>
 <cell></cell>
 <cell>+</cell>
 <cell>0.000</cell>
 <cell>N/C</cell>
 <cell></cell>
 <cell>r</cell>
</row>
<row>
 <cell>CLK_ibuf/U0/U_IOPAD:Y</cell>
 <cell>cell</cell>
 <cell></cell>
 <cell>ADLIB:IOPAD_IN</cell>
 <cell>+</cell>
 <cell>1.452</cell>
 <cell>N/C</cell>
 <cell>2</cell>
 <cell>r</cell>
</row>
<row>
 <cell>CLK_ibuf_RNIVQ04:An</cell>
 <cell>net</cell>
 <cell>CLK_ibuf_Z</cell>
 <cell></cell>
 <cell>+</cell>
 <cell>0.061</cell>
 <cell>N/C</cell>
 <cell></cell>
 <cell>f</cell>
</row>
<row>
 <cell>CLK_ibuf_RNIVQ04:YSn</cell>
 <cell>cell</cell>
 <cell></cell>
 <cell>ADLIB:GB</cell>
 <cell>+</cell>
 <cell>0.098</cell>
 <cell>N/C</cell>
 <cell>2</cell>
 <cell>f</cell>
</row>
<row>
 <cell>CLK_ibuf_RNIVQ04/U0_RGB1:An</cell>
 <cell>net</cell>
 <cell>CLK_ibuf_RNIVQ04/U0_YNn_GSouth</cell>
 <cell></cell>
 <cell>+</cell>
 <cell>0.331</cell>
 <cell>N/C</cell>
 <cell></cell>
 <cell>f</cell>
</row>
<row>
 <cell>CLK_ibuf_RNIVQ04/U0_RGB1:YR</cell>
 <cell>cell</cell>
 <cell></cell>
 <cell>ADLIB:RGB</cell>
 <cell>+</cell>
 <cell>0.286</cell>
 <cell>N/C</cell>
 <cell>23</cell>
 <cell>r</cell>
</row>
<row>
 <cell>Q_int[19]:CLK</cell>
 <cell>net</cell>
 <cell>CLK_ibuf_RNIVQ04/U0_RGB1_YR</cell>
 <cell></cell>
 <cell>+</cell>
 <cell>0.562</cell>
 <cell>N/C</cell>
 <cell></cell>
 <cell>r</cell>
</row>
<row>
 <cell>Q_int[19]:EN</cell>
 <cell>Library setup time</cell>
 <cell></cell>
 <cell>ADLIB:SLE</cell>
 <cell>-</cell>
 <cell>0.363</cell>
 <cell>N/C</cell>
 <cell></cell>
 <cell></cell>
</row>
<row>
</row>
<row>
 <cell>Operating Conditions</cell>
 <cell>WORST</cell>
</row>
</table>
</section>
<section>
<name>SET Clock to Output</name>
<table>
<header>
 <cell/>
 <cell>From</cell>
 <cell>To</cell>
 <cell>Delay (ns)</cell>
 <cell>Slack (ns)</cell>
 <cell>Arrival (ns)</cell>
 <cell>Required (ns)</cell>
 <cell>Clock to Out (ns)</cell>
 <cell>Operating Conditions</cell>
</header>
<row>
 <cell>Path 1</cell>
 <cell>Q_int[14]:CLK</cell>
 <cell>Q[14]</cell>
 <cell>7.108</cell>
 <cell></cell>
 <cell>9.984</cell>
 <cell></cell>
 <cell>9.984</cell>
 <cell>WORST</cell>
</row>
<row>
 <cell>Path 2</cell>
 <cell>Q_int[6]:CLK</cell>
 <cell>Q[6]</cell>
 <cell>6.161</cell>
 <cell></cell>
 <cell>9.033</cell>
 <cell></cell>
 <cell>9.033</cell>
 <cell>WORST</cell>
</row>
<row>
 <cell>Path 3</cell>
 <cell>Q_int[0]:CLK</cell>
 <cell>Q[0]</cell>
 <cell>6.098</cell>
 <cell></cell>
 <cell>8.970</cell>
 <cell></cell>
 <cell>8.970</cell>
 <cell>WORST</cell>
</row>
<row>
 <cell>Path 4</cell>
 <cell>Q_int[22]:CLK</cell>
 <cell>Q[22]</cell>
 <cell>5.952</cell>
 <cell></cell>
 <cell>8.828</cell>
 <cell></cell>
 <cell>8.828</cell>
 <cell>WORST</cell>
</row>
<row>
 <cell>Path 5</cell>
 <cell>Q_int[17]:CLK</cell>
 <cell>Q[17]</cell>
 <cell>5.878</cell>
 <cell></cell>
 <cell>8.769</cell>
 <cell></cell>
 <cell>8.769</cell>
 <cell>WORST</cell>
</row>
</table>
<text></text>
<section><name>Expanded Path 1</name></section>
<table>
<header>
 <cell>Pin Name</cell>
 <cell>Type</cell>
 <cell>Net Name</cell>
 <cell>Cell Name</cell>
 <cell>Op</cell>
 <cell>Delay (ns)</cell>
 <cell>Total (ns)</cell>
 <cell>Fanout</cell>
 <cell>Edge</cell>
</header>
<row>
 <cell>From: Q_int[14]:CLK</cell>
 <cell></cell>
 <cell></cell>
 <cell></cell>
 <cell></cell>
 <cell></cell>
 <cell></cell>
 <cell></cell>
 <cell></cell>
</row>
<row>
 <cell>To: Q[14]</cell>
 <cell></cell>
 <cell></cell>
 <cell></cell>
 <cell></cell>
 <cell></cell>
 <cell></cell>
 <cell></cell>
 <cell></cell>
</row>
<row>
 <cell>data required time</cell>
 <cell></cell>
 <cell></cell>
 <cell></cell>
 <cell></cell>
 <cell></cell>
 <cell>N/C</cell>
 <cell></cell>
 <cell></cell>
</row>
<row>
 <cell>data arrival time</cell>
 <cell></cell>
 <cell></cell>
 <cell></cell>
 <cell>-</cell>
 <cell></cell>
 <cell>9.984</cell>
 <cell></cell>
 <cell></cell>
</row>
<row>
 <cell>slack</cell>
 <cell></cell>
 <cell></cell>
 <cell></cell>
 <cell></cell>
 <cell></cell>
 <cell>N/C</cell>
 <cell></cell>
 <cell></cell>
</row>
<row>
</row>
<row>
 <cell>Data arrival time calculation</cell>
 <cell></cell>
 <cell></cell>
 <cell></cell>
 <cell></cell>
 <cell></cell>
 <cell></cell>
 <cell></cell>
 <cell></cell>
</row>
<row>
 <cell>CLK</cell>
 <cell></cell>
 <cell></cell>
 <cell></cell>
 <cell></cell>
 <cell>0.000</cell>
 <cell>0.000</cell>
 <cell></cell>
 <cell></cell>
</row>
<row>
 <cell>CLK</cell>
 <cell>Clock source</cell>
 <cell></cell>
 <cell></cell>
 <cell>+</cell>
 <cell>0.000</cell>
 <cell>0.000</cell>
 <cell></cell>
 <cell>r</cell>
</row>
<row>
 <cell>CLK_ibuf/U0/U_IOPAD:PAD</cell>
 <cell>net</cell>
 <cell>CLK</cell>
 <cell></cell>
 <cell>+</cell>
 <cell>0.000</cell>
 <cell>0.000</cell>
 <cell></cell>
 <cell>r</cell>
</row>
<row>
 <cell>CLK_ibuf/U0/U_IOPAD:Y</cell>
 <cell>cell</cell>
 <cell></cell>
 <cell>ADLIB:IOPAD_IN</cell>
 <cell>+</cell>
 <cell>1.497</cell>
 <cell>1.497</cell>
 <cell>2</cell>
 <cell>r</cell>
</row>
<row>
 <cell>CLK_ibuf_RNIVQ04:An</cell>
 <cell>net</cell>
 <cell>CLK_ibuf_Z</cell>
 <cell></cell>
 <cell>+</cell>
 <cell>0.063</cell>
 <cell>1.560</cell>
 <cell></cell>
 <cell>f</cell>
</row>
<row>
 <cell>CLK_ibuf_RNIVQ04:YSn</cell>
 <cell>cell</cell>
 <cell></cell>
 <cell>ADLIB:GB</cell>
 <cell>+</cell>
 <cell>0.101</cell>
 <cell>1.661</cell>
 <cell>2</cell>
 <cell>f</cell>
</row>
<row>
 <cell>CLK_ibuf_RNIVQ04/U0_RGB1:An</cell>
 <cell>net</cell>
 <cell>CLK_ibuf_RNIVQ04/U0_YNn_GSouth</cell>
 <cell></cell>
 <cell>+</cell>
 <cell>0.341</cell>
 <cell>2.002</cell>
 <cell></cell>
 <cell>f</cell>
</row>
<row>
 <cell>CLK_ibuf_RNIVQ04/U0_RGB1:YR</cell>
 <cell>cell</cell>
 <cell></cell>
 <cell>ADLIB:RGB</cell>
 <cell>+</cell>
 <cell>0.295</cell>
 <cell>2.297</cell>
 <cell>23</cell>
 <cell>r</cell>
</row>
<row>
 <cell>Q_int[14]:CLK</cell>
 <cell>net</cell>
 <cell>CLK_ibuf_RNIVQ04/U0_RGB1_YR</cell>
 <cell></cell>
 <cell>+</cell>
 <cell>0.579</cell>
 <cell>2.876</cell>
 <cell></cell>
 <cell>r</cell>
</row>
<row>
 <cell>Q_int[14]:Q</cell>
 <cell>cell</cell>
 <cell></cell>
 <cell>ADLIB:SLE</cell>
 <cell>+</cell>
 <cell>0.102</cell>
 <cell>2.978</cell>
 <cell>2</cell>
 <cell>r</cell>
</row>
<row>
 <cell>Q_obuf[14]/U0/U_IOOUTFF:A</cell>
 <cell>net</cell>
 <cell>Q_c[14]</cell>
 <cell></cell>
 <cell>+</cell>
 <cell>2.271</cell>
 <cell>5.249</cell>
 <cell></cell>
 <cell>r</cell>
</row>
<row>
 <cell>Q_obuf[14]/U0/U_IOOUTFF:Y</cell>
 <cell>cell</cell>
 <cell></cell>
 <cell>ADLIB:IOOUTFF_BYPASS</cell>
 <cell>+</cell>
 <cell>0.218</cell>
 <cell>5.467</cell>
 <cell>1</cell>
 <cell>r</cell>
</row>
<row>
 <cell>Q_obuf[14]/U0/U_IOPAD:D</cell>
 <cell>net</cell>
 <cell>Q_obuf[14]/U0/DOUT</cell>
 <cell></cell>
 <cell>+</cell>
 <cell>0.791</cell>
 <cell>6.258</cell>
 <cell></cell>
 <cell>r</cell>
</row>
<row>
 <cell>Q_obuf[14]/U0/U_IOPAD:PAD</cell>
 <cell>cell</cell>
 <cell></cell>
 <cell>ADLIB:IOPAD_TRI</cell>
 <cell>+</cell>
 <cell>3.726</cell>
 <cell>9.984</cell>
 <cell>0</cell>
 <cell>r</cell>
</row>
<row>
 <cell>Q[14]</cell>
 <cell>net</cell>
 <cell>Q[14]</cell>
 <cell></cell>
 <cell>+</cell>
 <cell>0.000</cell>
 <cell>9.984</cell>
 <cell></cell>
 <cell>r</cell>
</row>
<row>
 <cell>data arrival time</cell>
 <cell></cell>
 <cell></cell>
 <cell></cell>
 <cell></cell>
 <cell></cell>
 <cell>9.984</cell>
 <cell></cell>
 <cell></cell>
</row>
<row>
</row>
<row>
 <cell>Data required time calculation</cell>
 <cell></cell>
 <cell></cell>
 <cell></cell>
 <cell></cell>
 <cell></cell>
 <cell></cell>
 <cell></cell>
 <cell></cell>
</row>
<row>
 <cell>CLK</cell>
 <cell></cell>
 <cell></cell>
 <cell></cell>
 <cell></cell>
 <cell>N/C</cell>
 <cell>N/C</cell>
 <cell></cell>
 <cell></cell>
</row>
<row>
 <cell>CLK</cell>
 <cell>Clock source</cell>
 <cell></cell>
 <cell></cell>
 <cell>+</cell>
 <cell>0.000</cell>
 <cell>N/C</cell>
 <cell></cell>
 <cell>r</cell>
</row>
<row>
 <cell>Q[14]</cell>
 <cell></cell>
 <cell></cell>
 <cell></cell>
 <cell></cell>
 <cell></cell>
 <cell>N/C</cell>
 <cell></cell>
 <cell>r</cell>
</row>
<row>
</row>
<row>
 <cell>Operating Conditions</cell>
 <cell>WORST</cell>
</row>
</table>
</section>
<section>
<name>SET Register to Asynchronous</name>
<text>No Path</text>
</section>
<section>
<name>SET External Recovery</name>
<table>
<header>
 <cell/>
 <cell>From</cell>
 <cell>To</cell>
 <cell>Delay (ns)</cell>
 <cell>Slack (ns)</cell>
 <cell>Arrival (ns)</cell>
 <cell>Required (ns)</cell>
 <cell>Recovery (ns)</cell>
 <cell>External Recovery (ns)</cell>
 <cell>Operating Conditions</cell>
</header>
<row>
 <cell>Path 1</cell>
 <cell>RST</cell>
 <cell>Q_int[7]:ALn</cell>
 <cell>3.316</cell>
 <cell></cell>
 <cell>3.316</cell>
 <cell></cell>
 <cell>0.415</cell>
 <cell>0.945</cell>
 <cell>WORST</cell>
</row>
<row>
 <cell>Path 2</cell>
 <cell>RST</cell>
 <cell>Q_int[6]:ALn</cell>
 <cell>3.316</cell>
 <cell></cell>
 <cell>3.316</cell>
 <cell></cell>
 <cell>0.415</cell>
 <cell>0.945</cell>
 <cell>WORST</cell>
</row>
<row>
 <cell>Path 3</cell>
 <cell>RST</cell>
 <cell>Q_int[4]:ALn</cell>
 <cell>3.316</cell>
 <cell></cell>
 <cell>3.316</cell>
 <cell></cell>
 <cell>0.415</cell>
 <cell>0.945</cell>
 <cell>WORST</cell>
</row>
<row>
 <cell>Path 4</cell>
 <cell>RST</cell>
 <cell>Q_int[10]:ALn</cell>
 <cell>3.316</cell>
 <cell></cell>
 <cell>3.316</cell>
 <cell></cell>
 <cell>0.415</cell>
 <cell>0.945</cell>
 <cell>WORST</cell>
</row>
<row>
 <cell>Path 5</cell>
 <cell>RST</cell>
 <cell>Q_int[0]:ALn</cell>
 <cell>3.316</cell>
 <cell></cell>
 <cell>3.316</cell>
 <cell></cell>
 <cell>0.415</cell>
 <cell>0.945</cell>
 <cell>WORST</cell>
</row>
</table>
<text></text>
<section><name>Expanded Path 1</name></section>
<table>
<header>
 <cell>Pin Name</cell>
 <cell>Type</cell>
 <cell>Net Name</cell>
 <cell>Cell Name</cell>
 <cell>Op</cell>
 <cell>Delay (ns)</cell>
 <cell>Total (ns)</cell>
 <cell>Fanout</cell>
 <cell>Edge</cell>
</header>
<row>
 <cell>From: RST</cell>
 <cell></cell>
 <cell></cell>
 <cell></cell>
 <cell></cell>
 <cell></cell>
 <cell></cell>
 <cell></cell>
 <cell></cell>
</row>
<row>
 <cell>To: Q_int[7]:ALn</cell>
 <cell></cell>
 <cell></cell>
 <cell></cell>
 <cell></cell>
 <cell></cell>
 <cell></cell>
 <cell></cell>
 <cell></cell>
</row>
<row>
 <cell>data required time</cell>
 <cell></cell>
 <cell></cell>
 <cell></cell>
 <cell></cell>
 <cell></cell>
 <cell>N/C</cell>
 <cell></cell>
 <cell></cell>
</row>
<row>
 <cell>data arrival time</cell>
 <cell></cell>
 <cell></cell>
 <cell></cell>
 <cell>-</cell>
 <cell></cell>
 <cell>3.316</cell>
 <cell></cell>
 <cell></cell>
</row>
<row>
 <cell>slack</cell>
 <cell></cell>
 <cell></cell>
 <cell></cell>
 <cell></cell>
 <cell></cell>
 <cell>N/C</cell>
 <cell></cell>
 <cell></cell>
</row>
<row>
</row>
<row>
 <cell>Data arrival time calculation</cell>
 <cell></cell>
 <cell></cell>
 <cell></cell>
 <cell></cell>
 <cell></cell>
 <cell></cell>
 <cell></cell>
 <cell></cell>
</row>
<row>
 <cell>RST</cell>
 <cell></cell>
 <cell></cell>
 <cell></cell>
 <cell></cell>
 <cell>0.000</cell>
 <cell>0.000</cell>
 <cell></cell>
 <cell>f</cell>
</row>
<row>
 <cell>RST_ibuf/U0/U_IOPAD:PAD</cell>
 <cell>net</cell>
 <cell>RST</cell>
 <cell></cell>
 <cell>+</cell>
 <cell>0.000</cell>
 <cell>0.000</cell>
 <cell></cell>
 <cell>f</cell>
</row>
<row>
 <cell>RST_ibuf/U0/U_IOPAD:Y</cell>
 <cell>cell</cell>
 <cell></cell>
 <cell>ADLIB:IOPAD_IN</cell>
 <cell>+</cell>
 <cell>1.647</cell>
 <cell>1.647</cell>
 <cell>2</cell>
 <cell>f</cell>
</row>
<row>
 <cell>RST_ibuf_RNIUR47:An</cell>
 <cell>net</cell>
 <cell>RST_ibuf_Z</cell>
 <cell></cell>
 <cell>+</cell>
 <cell>0.366</cell>
 <cell>2.013</cell>
 <cell></cell>
 <cell>r</cell>
</row>
<row>
 <cell>RST_ibuf_RNIUR47:YSn</cell>
 <cell>cell</cell>
 <cell></cell>
 <cell>ADLIB:GB</cell>
 <cell>+</cell>
 <cell>0.096</cell>
 <cell>2.109</cell>
 <cell>2</cell>
 <cell>r</cell>
</row>
<row>
 <cell>RST_ibuf_RNIUR47/U0_RGB1:An</cell>
 <cell>net</cell>
 <cell>RST_ibuf_RNIUR47/U0_YNn_GSouth</cell>
 <cell></cell>
 <cell>+</cell>
 <cell>0.337</cell>
 <cell>2.446</cell>
 <cell></cell>
 <cell>r</cell>
</row>
<row>
 <cell>RST_ibuf_RNIUR47/U0_RGB1:YR</cell>
 <cell>cell</cell>
 <cell></cell>
 <cell>ADLIB:RGB</cell>
 <cell>+</cell>
 <cell>0.214</cell>
 <cell>2.660</cell>
 <cell>23</cell>
 <cell>f</cell>
</row>
<row>
 <cell>Q_int[7]:ALn</cell>
 <cell>net</cell>
 <cell>RST_ibuf_RNIUR47/U0_RGB1_YR</cell>
 <cell></cell>
 <cell>+</cell>
 <cell>0.656</cell>
 <cell>3.316</cell>
 <cell></cell>
 <cell>r</cell>
</row>
<row>
 <cell>data arrival time</cell>
 <cell></cell>
 <cell></cell>
 <cell></cell>
 <cell></cell>
 <cell></cell>
 <cell>3.316</cell>
 <cell></cell>
 <cell></cell>
</row>
<row>
</row>
<row>
 <cell>Data required time calculation</cell>
 <cell></cell>
 <cell></cell>
 <cell></cell>
 <cell></cell>
 <cell></cell>
 <cell></cell>
 <cell></cell>
 <cell></cell>
</row>
<row>
 <cell>CLK</cell>
 <cell></cell>
 <cell></cell>
 <cell></cell>
 <cell></cell>
 <cell>N/C</cell>
 <cell>N/C</cell>
 <cell></cell>
 <cell></cell>
</row>
<row>
 <cell>CLK</cell>
 <cell>Clock source</cell>
 <cell></cell>
 <cell></cell>
 <cell>+</cell>
 <cell>0.000</cell>
 <cell>N/C</cell>
 <cell></cell>
 <cell>r</cell>
</row>
<row>
 <cell>CLK_ibuf/U0/U_IOPAD:PAD</cell>
 <cell>net</cell>
 <cell>CLK</cell>
 <cell></cell>
 <cell>+</cell>
 <cell>0.000</cell>
 <cell>N/C</cell>
 <cell></cell>
 <cell>r</cell>
</row>
<row>
 <cell>CLK_ibuf/U0/U_IOPAD:Y</cell>
 <cell>cell</cell>
 <cell></cell>
 <cell>ADLIB:IOPAD_IN</cell>
 <cell>+</cell>
 <cell>1.452</cell>
 <cell>N/C</cell>
 <cell>2</cell>
 <cell>r</cell>
</row>
<row>
 <cell>CLK_ibuf_RNIVQ04:An</cell>
 <cell>net</cell>
 <cell>CLK_ibuf_Z</cell>
 <cell></cell>
 <cell>+</cell>
 <cell>0.061</cell>
 <cell>N/C</cell>
 <cell></cell>
 <cell>f</cell>
</row>
<row>
 <cell>CLK_ibuf_RNIVQ04:YSn</cell>
 <cell>cell</cell>
 <cell></cell>
 <cell>ADLIB:GB</cell>
 <cell>+</cell>
 <cell>0.098</cell>
 <cell>N/C</cell>
 <cell>2</cell>
 <cell>f</cell>
</row>
<row>
 <cell>CLK_ibuf_RNIVQ04/U0_RGB1:An</cell>
 <cell>net</cell>
 <cell>CLK_ibuf_RNIVQ04/U0_YNn_GSouth</cell>
 <cell></cell>
 <cell>+</cell>
 <cell>0.331</cell>
 <cell>N/C</cell>
 <cell></cell>
 <cell>f</cell>
</row>
<row>
 <cell>CLK_ibuf_RNIVQ04/U0_RGB1:YR</cell>
 <cell>cell</cell>
 <cell></cell>
 <cell>ADLIB:RGB</cell>
 <cell>+</cell>
 <cell>0.286</cell>
 <cell>N/C</cell>
 <cell>23</cell>
 <cell>r</cell>
</row>
<row>
 <cell>Q_int[7]:CLK</cell>
 <cell>net</cell>
 <cell>CLK_ibuf_RNIVQ04/U0_RGB1_YR</cell>
 <cell></cell>
 <cell>+</cell>
 <cell>0.558</cell>
 <cell>N/C</cell>
 <cell></cell>
 <cell>r</cell>
</row>
<row>
 <cell>Q_int[7]:ALn</cell>
 <cell>Library recovery time</cell>
 <cell></cell>
 <cell>ADLIB:SLE</cell>
 <cell>-</cell>
 <cell>0.415</cell>
 <cell>N/C</cell>
 <cell></cell>
 <cell></cell>
</row>
<row>
</row>
<row>
 <cell>Operating Conditions</cell>
 <cell>WORST</cell>
</row>
</table>
</section>
<section>
<name>SET Asynchronous to Register</name>
<text>No Path</text>
</section>
</section>
<section>
<name>Path Set Pin to Pin</name>
<section>
<name>SET Input to Output</name>
<text>No Path</text>
</section>
</section>
<section>
<name>Path Set User Sets</name>
</section>
</doc>
