<?xml version="1.0" encoding="UTF-8" standalone="no" ?>
<?xml-stylesheet href="rptstyle.xsl" type="text/xsl" ?>
<doc>
<title>Resource Report</title>
<text>Microsemi Corporation - Microsemi Libero Software Release v12.6 (Version 12.900.20.24)</text>
<text>Date: Sun Oct 29 14:46:27 2023
</text>
<section><name>Device Selection</name></section>
<table>
<header>
</header>
<row>
 <cell>Family</cell>
 <cell>SmartFusion2</cell>
</row>
<row>
 <cell>Device</cell>
 <cell>M2S010</cell>
</row>
<row>
 <cell>Package</cell>
 <cell>144 TQ</cell>
</row>
<row>
 <cell>Speed Grade</cell>
 <cell>STD</cell>
</row>
<row>
 <cell>Temp</cell>
 <cell>0:25:85</cell>
</row>
<row>
 <cell>Voltage</cell>
 <cell>1.26:1.20:1.14</cell>
</row>
<row>
 <cell>Core Voltage</cell>
 <cell>1.2V</cell>
</row>
<row>
 <cell>Ramp Rate</cell>
 <cell>100ms Minimum</cell>
</row>
<row>
 <cell>System Controller Suspend Mode</cell>
 <cell>No</cell>
</row>
<row>
 <cell>PLL Supply Voltage</cell>
 <cell>2.5V</cell>
</row>
<row>
 <cell>Default I/O technology</cell>
 <cell>LVCMOS 2.5V</cell>
</row>
<row>
 <cell>Restrict Probe Pins</cell>
 <cell>Yes</cell>
</row>
<row>
 <cell>Restrict SPI Pins</cell>
 <cell>No</cell>
</row>
</table>
<section><name>Source Files</name></section>
<table>
<header>
</header>
<row>
 <cell>Topcell</cell>
 <cell>NBitCounter</cell>
</row>
<row>
 <cell>Format</cell>
 <cell>Verilog</cell>
</row>
<row>
 <cell>Source</cell>
 <cell>C:\Microsemi_Prj\Project2\P2M3\P2M3\synthesis\NBitCounter.vm</cell>
</row>
</table>
<section><name>Options</name></section>
<table>
<header>
</header>
<row>
 <cell>Enable Single Event Transient mitigation</cell>
 <cell>false</cell>
</row>
<row>
 <cell>Enable Design Separation Methodology</cell>
 <cell>false</cell>
</row>
<row>
 <cell>Limit the number of high fanout nets to display to</cell>
 <cell>10</cell>
</row>
</table>
<section><name>Resource Usage</name></section>
<table>
<header>
 <cell>Type</cell>
 <cell>Used</cell>
 <cell>Total</cell>
 <cell>Percentage</cell>
</header>
<row>
 <cell>4LUT</cell>
 <cell>22</cell>
 <cell>12084</cell>
 <cell>0.18</cell>
</row>
<row>
 <cell>DFF</cell>
 <cell>16</cell>
 <cell>12084</cell>
 <cell>0.13</cell>
</row>
<row>
 <cell>I/O Register</cell>
 <cell>0</cell>
 <cell>252</cell>
 <cell>0.00</cell>
</row>
<row>
 <cell>User I/O</cell>
 <cell>20</cell>
 <cell>84</cell>
 <cell>23.81</cell>
</row>
<row>
 <cell>-- Single-ended I/O</cell>
 <cell>20</cell>
 <cell>84</cell>
 <cell>23.81</cell>
</row>
<row>
 <cell>-- Differential I/O Pairs</cell>
 <cell>0</cell>
 <cell>37</cell>
 <cell>0.00</cell>
</row>
<row>
 <cell>RAM64x18</cell>
 <cell>0</cell>
 <cell>22</cell>
 <cell>0.00</cell>
</row>
<row>
 <cell>RAM1K18</cell>
 <cell>0</cell>
 <cell>21</cell>
 <cell>0.00</cell>
</row>
<row>
 <cell>MACC</cell>
 <cell>0</cell>
 <cell>22</cell>
 <cell>0.00</cell>
</row>
<row>
 <cell>Chip Globals</cell>
 <cell>2</cell>
 <cell>8</cell>
 <cell>25.00</cell>
</row>
<row>
 <cell>CCC</cell>
 <cell>0</cell>
 <cell>2</cell>
 <cell>0.00</cell>
</row>
<row>
 <cell>RCOSC_25_50MHZ</cell>
 <cell>0</cell>
 <cell>1</cell>
 <cell>0.00</cell>
</row>
<row>
 <cell>RCOSC_1MHZ</cell>
 <cell>0</cell>
 <cell>1</cell>
 <cell>0.00</cell>
</row>
<row>
 <cell>XTLOSC</cell>
 <cell>0</cell>
 <cell>1</cell>
 <cell>0.00</cell>
</row>
<row>
 <cell>MSS</cell>
 <cell>0</cell>
 <cell>1</cell>
 <cell>0.00</cell>
</row>
</table>
<section><name>Detailed Logic Resource Usage</name></section>
<table>
<header>
 <cell>Type</cell>
 <cell>4LUT</cell>
 <cell>DFF</cell>
</header>
<row>
 <cell>Fabric Logic</cell>
 <cell>22</cell>
 <cell>16</cell>
</row>
<row>
 <cell>RAM64x18 Interface Logic</cell>
 <cell>0</cell>
 <cell>0</cell>
</row>
<row>
 <cell>RAM1K18 Interface Logic</cell>
 <cell>0</cell>
 <cell>0</cell>
</row>
<row>
 <cell>MACC Interface Logic</cell>
 <cell>0</cell>
 <cell>0</cell>
</row>
<row>
 <cell>Total Used</cell>
 <cell>22</cell>
 <cell>16</cell>
</row>
</table>
<section><name>Detailed Carry Chains Resource Usage</name></section>
<table>
<header>
</header>
<row>
 <cell>Length</cell>
 <cell>Used</cell>
</row>
<row>
 <cell>16</cell>
 <cell>1</cell>
</row>
<row>
 <cell>Total</cell>
 <cell>1</cell>
</row>
</table>
<section><name>I/O Function</name></section>
<table>
<header>
 <cell>Type</cell>
 <cell>w/o register</cell>
 <cell>w/ register</cell>
 <cell>w/ DDR register</cell>
</header>
<row>
 <cell>Input I/O</cell>
 <cell>3</cell>
 <cell>0</cell>
 <cell>0</cell>
</row>
<row>
 <cell>Output I/O</cell>
 <cell>17</cell>
 <cell>0</cell>
 <cell>0</cell>
</row>
<row>
 <cell>Bidirectional I/O</cell>
 <cell>0</cell>
 <cell>0</cell>
 <cell>0</cell>
</row>
<row>
 <cell>Differential Input I/O Pairs</cell>
 <cell>0</cell>
 <cell>0</cell>
 <cell>0</cell>
</row>
<row>
 <cell>Differential Output I/O Pairs</cell>
 <cell>0</cell>
 <cell>0</cell>
 <cell>0</cell>
</row>
</table>
<section><name>I/O Technology</name></section>
<table>
<header>
 <cell>I/O Standard</cell>
 <cell>Vddi</cell>
 <cell>Vref</cell>
 <cell>Input</cell>
 <cell>Output</cell>
 <cell>Bidirectional</cell>
</header>
<row>
 <cell>LVCMOS25</cell>
 <cell> 2.50v</cell>
 <cell> N/A</cell>
 <cell> 3</cell>
 <cell> 17</cell>
 <cell> 0</cell>
</row>
</table>
<section><name>Nets assigned to chip global resources</name></section>
<table>
<header>
 <cell>Fanout</cell>
 <cell>Type</cell>
 <cell>Name</cell>
</header>
<row>
 <cell>16</cell>
 <cell>INT_NET</cell>
 <cell>Net   : clk_c</cell>
</row>
<row>
 <cell></cell>
 <cell></cell>
 <cell>Driver: clk_ibuf_RNIVTI2/U0_RGB1</cell>
</row>
<row>
 <cell></cell>
 <cell></cell>
 <cell>Source: NETLIST</cell>
</row>
<row>
 <cell>16</cell>
 <cell>INT_NET</cell>
 <cell>Net   : reset_c</cell>
</row>
<row>
 <cell></cell>
 <cell></cell>
 <cell>Driver: reset_ibuf_RNI8255/U0_RGB1</cell>
</row>
<row>
 <cell></cell>
 <cell></cell>
 <cell>Source: NETLIST</cell>
</row>
</table>
<section><name>Nets assigned to row global resources</name></section>
<table>
<header>
 <cell>Fanout</cell>
 <cell>Type</cell>
 <cell>Name</cell>
</header>
</table>
<section><name>High fanout nets</name></section>
<table>
<header>
 <cell>Fanout</cell>
 <cell>Type</cell>
 <cell>Name</cell>
</header>
<row>
 <cell>16</cell>
 <cell>INT_NET</cell>
 <cell>Net   : counte_c</cell>
</row>
<row>
 <cell></cell>
 <cell></cell>
 <cell>Driver: enable_ibuf</cell>
</row>
<row>
 <cell>4</cell>
 <cell>INT_NET</cell>
 <cell>Net   : count_c[0]</cell>
</row>
<row>
 <cell></cell>
 <cell></cell>
 <cell>Driver: count_Z[0]</cell>
</row>
<row>
 <cell>3</cell>
 <cell>INT_NET</cell>
 <cell>Net   : count_c[15]</cell>
</row>
<row>
 <cell></cell>
 <cell></cell>
 <cell>Driver: count_Z[15]</cell>
</row>
<row>
 <cell>3</cell>
 <cell>INT_NET</cell>
 <cell>Net   : count_c[14]</cell>
</row>
<row>
 <cell></cell>
 <cell></cell>
 <cell>Driver: count_Z[14]</cell>
</row>
<row>
 <cell>3</cell>
 <cell>INT_NET</cell>
 <cell>Net   : count_c[13]</cell>
</row>
<row>
 <cell></cell>
 <cell></cell>
 <cell>Driver: count_Z[13]</cell>
</row>
<row>
 <cell>3</cell>
 <cell>INT_NET</cell>
 <cell>Net   : count_c[12]</cell>
</row>
<row>
 <cell></cell>
 <cell></cell>
 <cell>Driver: count_Z[12]</cell>
</row>
<row>
 <cell>3</cell>
 <cell>INT_NET</cell>
 <cell>Net   : count_c[11]</cell>
</row>
<row>
 <cell></cell>
 <cell></cell>
 <cell>Driver: count_Z[11]</cell>
</row>
<row>
 <cell>3</cell>
 <cell>INT_NET</cell>
 <cell>Net   : count_c[10]</cell>
</row>
<row>
 <cell></cell>
 <cell></cell>
 <cell>Driver: count_Z[10]</cell>
</row>
<row>
 <cell>3</cell>
 <cell>INT_NET</cell>
 <cell>Net   : count_c[9]</cell>
</row>
<row>
 <cell></cell>
 <cell></cell>
 <cell>Driver: count_Z[9]</cell>
</row>
<row>
 <cell>3</cell>
 <cell>INT_NET</cell>
 <cell>Net   : count_c[8]</cell>
</row>
<row>
 <cell></cell>
 <cell></cell>
 <cell>Driver: count_Z[8]</cell>
</row>
</table>
<section><name>High fanout nets (through buffer trees)</name></section>
<table>
<header>
 <cell>Fanout</cell>
 <cell>Type</cell>
 <cell>Name</cell>
</header>
<row>
 <cell>16</cell>
 <cell>INT_NET</cell>
 <cell>Net   : counte_c</cell>
</row>
<row>
 <cell></cell>
 <cell></cell>
 <cell>Driver: enable_ibuf</cell>
</row>
<row>
 <cell>4</cell>
 <cell>INT_NET</cell>
 <cell>Net   : count_c[0]</cell>
</row>
<row>
 <cell></cell>
 <cell></cell>
 <cell>Driver: count_Z[0]</cell>
</row>
<row>
 <cell>3</cell>
 <cell>INT_NET</cell>
 <cell>Net   : count_c[15]</cell>
</row>
<row>
 <cell></cell>
 <cell></cell>
 <cell>Driver: count_Z[15]</cell>
</row>
<row>
 <cell>3</cell>
 <cell>INT_NET</cell>
 <cell>Net   : count_c[14]</cell>
</row>
<row>
 <cell></cell>
 <cell></cell>
 <cell>Driver: count_Z[14]</cell>
</row>
<row>
 <cell>3</cell>
 <cell>INT_NET</cell>
 <cell>Net   : count_c[13]</cell>
</row>
<row>
 <cell></cell>
 <cell></cell>
 <cell>Driver: count_Z[13]</cell>
</row>
<row>
 <cell>3</cell>
 <cell>INT_NET</cell>
 <cell>Net   : count_c[12]</cell>
</row>
<row>
 <cell></cell>
 <cell></cell>
 <cell>Driver: count_Z[12]</cell>
</row>
<row>
 <cell>3</cell>
 <cell>INT_NET</cell>
 <cell>Net   : count_c[11]</cell>
</row>
<row>
 <cell></cell>
 <cell></cell>
 <cell>Driver: count_Z[11]</cell>
</row>
<row>
 <cell>3</cell>
 <cell>INT_NET</cell>
 <cell>Net   : count_c[10]</cell>
</row>
<row>
 <cell></cell>
 <cell></cell>
 <cell>Driver: count_Z[10]</cell>
</row>
<row>
 <cell>3</cell>
 <cell>INT_NET</cell>
 <cell>Net   : count_c[9]</cell>
</row>
<row>
 <cell></cell>
 <cell></cell>
 <cell>Driver: count_Z[9]</cell>
</row>
<row>
 <cell>3</cell>
 <cell>INT_NET</cell>
 <cell>Net   : count_c[8]</cell>
</row>
<row>
 <cell></cell>
 <cell></cell>
 <cell>Driver: count_Z[8]</cell>
</row>
</table>
</doc>
