{
	"partitions" : [
		{
			"name" : "Top",
			"pins" : [
				{
					"name" : "outCount[0]",
					"strict" : false
				},
				{
					"name" : "outCount[1]",
					"strict" : false
				},
				{
					"name" : "outCount[2]",
					"strict" : false
				},
				{
					"name" : "outCount[3]",
					"strict" : false
				},
				{
					"name" : "outCount[4]",
					"strict" : false
				},
				{
					"name" : "outCount[5]",
					"strict" : false
				},
				{
					"name" : "outCount[6]",
					"strict" : false
				},
				{
					"name" : "outCount[7]",
					"strict" : false
				},
				{
					"name" : "outCount[8]",
					"strict" : false
				},
				{
					"name" : "outCount[9]",
					"strict" : false
				},
				{
					"name" : "outCount[10]",
					"strict" : false
				},
				{
					"name" : "outCount[11]",
					"strict" : false
				},
				{
					"name" : "outCount[12]",
					"strict" : false
				},
				{
					"name" : "outCount[13]",
					"strict" : false
				},
				{
					"name" : "outCount[14]",
					"strict" : false
				},
				{
					"name" : "outCount[15]",
					"strict" : false
				},
				{
					"name" : "LEDR[0]",
					"strict" : false
				},
				{
					"name" : "LEDR[1]",
					"strict" : false
				},
				{
					"name" : "LEDR[2]",
					"strict" : false
				},
				{
					"name" : "LEDR[3]",
					"strict" : false
				},
				{
					"name" : "LEDR[4]",
					"strict" : false
				},
				{
					"name" : "LEDR[5]",
					"strict" : false
				},
				{
					"name" : "LEDR[6]",
					"strict" : false
				},
				{
					"name" : "LEDR[7]",
					"strict" : false
				},
				{
					"name" : "LEDR[8]",
					"strict" : false
				},
				{
					"name" : "LEDR[9]",
					"strict" : false
				},
				{
					"name" : "MAX10_CLK1_50",
					"strict" : false
				},
				{
					"name" : "KEY[0]",
					"strict" : false
				}
			]
		}
	]
}