Detailed Resource Usage
Module Name,Fabric 4LUT,Fabric DFF,Single-Ended I/O,Chip Globals
Primitives/Primitives,0,0,18,2
counter0/Primitives,22,16,0,0
genCounters[100].counter/Primitives,22,16,0,0
genCounters[101].counter/Primitives,22,16,0,0
genCounters[102].counter/Primitives,22,16,0,0
genCounters[103].counter/Primitives,22,16,0,0
genCounters[104].counter/Primitives,22,16,0,0
genCounters[105].counter/Primitives,22,16,0,0
genCounters[106].counter/Primitives,22,16,0,0
genCounters[107].counter/Primitives,22,16,0,0
genCounters[108].counter/Primitives,22,16,0,0
genCounters[109].counter/Primitives,22,16,0,0
genCounters[10].counter/Primitives,22,16,0,0
genCounters[110].counter/Primitives,22,16,0,0
genCounters[111].counter/Primitives,22,16,0,0
genCounters[112].counter/Primitives,22,16,0,0
genCounters[113].counter/Primitives,22,16,0,0
genCounters[114].counter/Primitives,22,16,0,0
genCounters[115].counter/Primitives,22,16,0,0
genCounters[116].counter/Primitives,22,16,0,0
genCounters[117].counter/Primitives,22,16,0,0
genCounters[118].counter/Primitives,22,16,0,0
genCounters[119].counter/Primitives,22,16,0,0
genCounters[11].counter/Primitives,22,16,0,0
genCounters[120].counter/Primitives,22,16,0,0
genCounters[121].counter/Primitives,22,16,0,0
genCounters[122].counter/Primitives,22,16,0,0
genCounters[123].counter/Primitives,22,16,0,0
genCounters[124].counter/Primitives,22,16,0,0
genCounters[125].counter/Primitives,22,16,0,0
genCounters[126].counter/Primitives,22,16,0,0
genCounters[127].counter/Primitives,22,16,0,0
genCounters[128].counter/Primitives,22,16,0,0
genCounters[129].counter/Primitives,22,16,0,0
genCounters[12].counter/Primitives,22,16,0,0
genCounters[130].counter/Primitives,22,16,0,0
genCounters[131].counter/Primitives,22,16,0,0
genCounters[132].counter/Primitives,22,16,0,0
genCounters[133].counter/Primitives,22,16,0,0
genCounters[134].counter/Primitives,22,16,0,0
genCounters[135].counter/Primitives,22,16,0,0
genCounters[136].counter/Primitives,22,16,0,0
genCounters[137].counter/Primitives,22,16,0,0
genCounters[138].counter/Primitives,22,16,0,0
genCounters[139].counter/Primitives,22,16,0,0
genCounters[13].counter/Primitives,22,16,0,0
genCounters[140].counter/Primitives,22,16,0,0
genCounters[141].counter/Primitives,22,16,0,0
genCounters[142].counter/Primitives,22,16,0,0
genCounters[143].counter/Primitives,22,16,0,0
genCounters[144].counter/Primitives,22,16,0,0
genCounters[145].counter/Primitives,22,16,0,0
genCounters[146].counter/Primitives,22,16,0,0
genCounters[147].counter/Primitives,22,16,0,0
genCounters[148].counter/Primitives,22,16,0,0
genCounters[149].counter/Primitives,22,16,0,0
genCounters[14].counter/Primitives,22,16,0,0
genCounters[150].counter/Primitives,22,16,0,0
genCounters[151].counter/Primitives,22,16,0,0
genCounters[152].counter/Primitives,22,16,0,0
genCounters[153].counter/Primitives,22,16,0,0
genCounters[154].counter/Primitives,22,16,0,0
genCounters[155].counter/Primitives,22,16,0,0
genCounters[156].counter/Primitives,22,16,0,0
genCounters[157].counter/Primitives,22,16,0,0
genCounters[158].counter/Primitives,22,16,0,0
genCounters[159].counter/Primitives,22,16,0,0
genCounters[15].counter/Primitives,22,16,0,0
genCounters[160].counter/Primitives,22,16,0,0
genCounters[161].counter/Primitives,22,16,0,0
genCounters[162].counter/Primitives,22,16,0,0
genCounters[163].counter/Primitives,22,16,0,0
genCounters[164].counter/Primitives,22,16,0,0
genCounters[165].counter/Primitives,22,16,0,0
genCounters[166].counter/Primitives,22,16,0,0
genCounters[167].counter/Primitives,22,16,0,0
genCounters[168].counter/Primitives,22,16,0,0
genCounters[169].counter/Primitives,22,16,0,0
genCounters[16].counter/Primitives,22,16,0,0
genCounters[170].counter/Primitives,22,16,0,0
genCounters[171].counter/Primitives,22,16,0,0
genCounters[172].counter/Primitives,22,16,0,0
genCounters[173].counter/Primitives,22,16,0,0
genCounters[174].counter/Primitives,22,16,0,0
genCounters[175].counter/Primitives,22,16,0,0
genCounters[176].counter/Primitives,22,16,0,0
genCounters[177].counter/Primitives,22,16,0,0
genCounters[178].counter/Primitives,22,16,0,0
genCounters[179].counter/Primitives,22,16,0,0
genCounters[17].counter/Primitives,22,16,0,0
genCounters[180].counter/Primitives,22,16,0,0
genCounters[181].counter/Primitives,22,16,0,0
genCounters[182].counter/Primitives,22,16,0,0
genCounters[183].counter/Primitives,22,16,0,0
genCounters[184].counter/Primitives,22,16,0,0
genCounters[185].counter/Primitives,22,16,0,0
genCounters[186].counter/Primitives,22,16,0,0
genCounters[187].counter/Primitives,22,16,0,0
genCounters[188].counter/Primitives,22,16,0,0
genCounters[189].counter/Primitives,22,16,0,0
genCounters[18].counter/Primitives,22,16,0,0
genCounters[190].counter/Primitives,22,16,0,0
genCounters[191].counter/Primitives,22,16,0,0
genCounters[192].counter/Primitives,22,16,0,0
genCounters[193].counter/Primitives,22,16,0,0
genCounters[194].counter/Primitives,22,16,0,0
genCounters[195].counter/Primitives,22,16,0,0
genCounters[196].counter/Primitives,22,16,0,0
genCounters[197].counter/Primitives,22,16,0,0
genCounters[198].counter/Primitives,22,16,0,0
genCounters[199].counter/Primitives,22,16,0,0
genCounters[19].counter/Primitives,22,16,0,0
genCounters[1].counter/Primitives,22,16,0,0
genCounters[200].counter/Primitives,22,16,0,0
genCounters[201].counter/Primitives,22,16,0,0
genCounters[202].counter/Primitives,22,16,0,0
genCounters[203].counter/Primitives,22,16,0,0
genCounters[204].counter/Primitives,22,16,0,0
genCounters[205].counter/Primitives,22,16,0,0
genCounters[206].counter/Primitives,22,16,0,0
genCounters[207].counter/Primitives,22,16,0,0
genCounters[208].counter/Primitives,22,16,0,0
genCounters[209].counter/Primitives,22,16,0,0
genCounters[20].counter/Primitives,22,16,0,0
genCounters[210].counter/Primitives,22,16,0,0
genCounters[211].counter/Primitives,22,16,0,0
genCounters[212].counter/Primitives,22,16,0,0
genCounters[213].counter/Primitives,22,16,0,0
genCounters[214].counter/Primitives,22,16,0,0
genCounters[215].counter/Primitives,22,16,0,0
genCounters[216].counter/Primitives,22,16,0,0
genCounters[217].counter/Primitives,22,16,0,0
genCounters[218].counter/Primitives,22,16,0,0
genCounters[219].counter/Primitives,22,16,0,0
genCounters[21].counter/Primitives,22,16,0,0
genCounters[220].counter/Primitives,22,16,0,0
genCounters[221].counter/Primitives,22,16,0,0
genCounters[222].counter/Primitives,22,16,0,0
genCounters[223].counter/Primitives,22,16,0,0
genCounters[224].counter/Primitives,22,16,0,0
genCounters[225].counter/Primitives,22,16,0,0
genCounters[226].counter/Primitives,22,16,0,0
genCounters[227].counter/Primitives,22,16,0,0
genCounters[228].counter/Primitives,22,16,0,0
genCounters[229].counter/Primitives,22,16,0,0
genCounters[22].counter/Primitives,22,16,0,0
genCounters[230].counter/Primitives,22,16,0,0
genCounters[231].counter/Primitives,22,16,0,0
genCounters[232].counter/Primitives,22,16,0,0
genCounters[233].counter/Primitives,22,16,0,0
genCounters[234].counter/Primitives,22,16,0,0
genCounters[235].counter/Primitives,22,16,0,0
genCounters[236].counter/Primitives,22,16,0,0
genCounters[237].counter/Primitives,22,16,0,0
genCounters[238].counter/Primitives,22,16,0,0
genCounters[239].counter/Primitives,22,16,0,0
genCounters[23].counter/Primitives,22,16,0,0
genCounters[240].counter/Primitives,22,16,0,0
genCounters[241].counter/Primitives,22,16,0,0
genCounters[242].counter/Primitives,22,16,0,0
genCounters[243].counter/Primitives,22,16,0,0
genCounters[244].counter/Primitives,22,16,0,0
genCounters[245].counter/Primitives,22,16,0,0
genCounters[246].counter/Primitives,22,16,0,0
genCounters[247].counter/Primitives,22,16,0,0
genCounters[248].counter/Primitives,22,16,0,0
genCounters[249].counter/Primitives,22,16,0,0
genCounters[24].counter/Primitives,22,16,0,0
genCounters[250].counter/Primitives,22,16,0,0
genCounters[251].counter/Primitives,22,16,0,0
genCounters[252].counter/Primitives,22,16,0,0
genCounters[253].counter/Primitives,22,16,0,0
genCounters[254].counter/Primitives,22,16,0,0
genCounters[255].counter/Primitives,22,16,0,0
genCounters[256].counter/Primitives,22,16,0,0
genCounters[257].counter/Primitives,22,16,0,0
genCounters[258].counter/Primitives,22,16,0,0
genCounters[259].counter/Primitives,22,16,0,0
genCounters[25].counter/Primitives,22,16,0,0
genCounters[260].counter/Primitives,22,16,0,0
genCounters[261].counter/Primitives,22,16,0,0
genCounters[262].counter/Primitives,22,16,0,0
genCounters[263].counter/Primitives,22,16,0,0
genCounters[264].counter/Primitives,22,16,0,0
genCounters[265].counter/Primitives,22,16,0,0
genCounters[266].counter/Primitives,22,16,0,0
genCounters[267].counter/Primitives,22,16,0,0
genCounters[268].counter/Primitives,22,16,0,0
genCounters[269].counter/Primitives,22,16,0,0
genCounters[26].counter/Primitives,22,16,0,0
genCounters[270].counter/Primitives,22,16,0,0
genCounters[271].counter/Primitives,22,16,0,0
genCounters[272].counter/Primitives,22,16,0,0
genCounters[273].counter/Primitives,22,16,0,0
genCounters[274].counter/Primitives,22,16,0,0
genCounters[275].counter/Primitives,22,16,0,0
genCounters[276].counter/Primitives,22,16,0,0
genCounters[277].counter/Primitives,22,16,0,0
genCounters[278].counter/Primitives,22,16,0,0
genCounters[279].counter/Primitives,22,16,0,0
genCounters[27].counter/Primitives,22,16,0,0
genCounters[280].counter/Primitives,22,16,0,0
genCounters[281].counter/Primitives,22,16,0,0
genCounters[282].counter/Primitives,22,16,0,0
genCounters[283].counter/Primitives,22,16,0,0
genCounters[284].counter/Primitives,22,16,0,0
genCounters[285].counter/Primitives,22,16,0,0
genCounters[286].counter/Primitives,22,16,0,0
genCounters[287].counter/Primitives,22,16,0,0
genCounters[288].counter/Primitives,22,16,0,0
genCounters[289].counter/Primitives,22,16,0,0
genCounters[28].counter/Primitives,22,16,0,0
genCounters[290].counter/Primitives,22,16,0,0
genCounters[291].counter/Primitives,22,16,0,0
genCounters[292].counter/Primitives,22,16,0,0
genCounters[293].counter/Primitives,22,16,0,0
genCounters[294].counter/Primitives,22,16,0,0
genCounters[295].counter/Primitives,22,16,0,0
genCounters[296].counter/Primitives,22,16,0,0
genCounters[297].counter/Primitives,22,16,0,0
genCounters[298].counter/Primitives,22,16,0,0
genCounters[299].counter/Primitives,22,16,0,0
genCounters[29].counter/Primitives,22,16,0,0
genCounters[2].counter/Primitives,22,16,0,0
genCounters[300].counter/Primitives,22,16,0,0
genCounters[301].counter/Primitives,22,16,0,0
genCounters[302].counter/Primitives,22,16,0,0
genCounters[303].counter/Primitives,22,16,0,0
genCounters[304].counter/Primitives,22,16,0,0
genCounters[305].counter/Primitives,22,16,0,0
genCounters[306].counter/Primitives,22,16,0,0
genCounters[307].counter/Primitives,22,16,0,0
genCounters[308].counter/Primitives,22,16,0,0
genCounters[309].counter/Primitives,22,16,0,0
genCounters[30].counter/Primitives,22,16,0,0
genCounters[310].counter/Primitives,22,16,0,0
genCounters[311].counter/Primitives,22,16,0,0
genCounters[312].counter/Primitives,22,16,0,0
genCounters[313].counter/Primitives,22,16,0,0
genCounters[314].counter/Primitives,22,16,0,0
genCounters[315].counter/Primitives,22,16,0,0
genCounters[316].counter/Primitives,22,16,0,0
genCounters[317].counter/Primitives,22,16,0,0
genCounters[318].counter/Primitives,22,16,0,0
genCounters[319].counter/Primitives,22,16,0,0
genCounters[31].counter/Primitives,22,16,0,0
genCounters[320].counter/Primitives,22,16,0,0
genCounters[321].counter/Primitives,22,16,0,0
genCounters[322].counter/Primitives,22,16,0,0
genCounters[323].counter/Primitives,22,16,0,0
genCounters[324].counter/Primitives,22,16,0,0
genCounters[325].counter/Primitives,22,16,0,0
genCounters[326].counter/Primitives,22,16,0,0
genCounters[327].counter/Primitives,22,16,0,0
genCounters[328].counter/Primitives,22,16,0,0
genCounters[329].counter/Primitives,22,16,0,0
genCounters[32].counter/Primitives,22,16,0,0
genCounters[330].counter/Primitives,22,16,0,0
genCounters[331].counter/Primitives,22,16,0,0
genCounters[332].counter/Primitives,22,16,0,0
genCounters[333].counter/Primitives,22,16,0,0
genCounters[334].counter/Primitives,22,16,0,0
genCounters[335].counter/Primitives,22,16,0,0
genCounters[336].counter/Primitives,22,16,0,0
genCounters[337].counter/Primitives,22,16,0,0
genCounters[338].counter/Primitives,22,16,0,0
genCounters[339].counter/Primitives,22,16,0,0
genCounters[33].counter/Primitives,22,16,0,0
genCounters[340].counter/Primitives,22,16,0,0
genCounters[341].counter/Primitives,22,16,0,0
genCounters[342].counter/Primitives,22,16,0,0
genCounters[343].counter/Primitives,22,16,0,0
genCounters[344].counter/Primitives,22,16,0,0
genCounters[345].counter/Primitives,22,16,0,0
genCounters[346].counter/Primitives,22,16,0,0
genCounters[347].counter/Primitives,22,16,0,0
genCounters[348].counter/Primitives,22,16,0,0
genCounters[349].counter/Primitives,22,16,0,0
genCounters[34].counter/Primitives,22,16,0,0
genCounters[350].counter/Primitives,22,16,0,0
genCounters[351].counter/Primitives,22,16,0,0
genCounters[352].counter/Primitives,22,16,0,0
genCounters[353].counter/Primitives,22,16,0,0
genCounters[354].counter/Primitives,22,16,0,0
genCounters[355].counter/Primitives,22,16,0,0
genCounters[356].counter/Primitives,22,16,0,0
genCounters[357].counter/Primitives,22,16,0,0
genCounters[358].counter/Primitives,22,16,0,0
genCounters[359].counter/Primitives,22,16,0,0
genCounters[35].counter/Primitives,22,16,0,0
genCounters[360].counter/Primitives,22,16,0,0
genCounters[361].counter/Primitives,22,16,0,0
genCounters[362].counter/Primitives,22,16,0,0
genCounters[363].counter/Primitives,22,16,0,0
genCounters[364].counter/Primitives,22,16,0,0
genCounters[365].counter/Primitives,22,16,0,0
genCounters[366].counter/Primitives,22,16,0,0
genCounters[367].counter/Primitives,22,16,0,0
genCounters[368].counter/Primitives,22,16,0,0
genCounters[369].counter/Primitives,22,16,0,0
genCounters[36].counter/Primitives,22,16,0,0
genCounters[370].counter/Primitives,22,16,0,0
genCounters[371].counter/Primitives,22,16,0,0
genCounters[372].counter/Primitives,22,16,0,0
genCounters[373].counter/Primitives,22,16,0,0
genCounters[374].counter/Primitives,22,16,0,0
genCounters[375].counter/Primitives,22,16,0,0
genCounters[376].counter/Primitives,22,16,0,0
genCounters[377].counter/Primitives,22,16,0,0
genCounters[378].counter/Primitives,22,16,0,0
genCounters[379].counter/Primitives,22,16,0,0
genCounters[37].counter/Primitives,22,16,0,0
genCounters[380].counter/Primitives,22,16,0,0
genCounters[381].counter/Primitives,22,16,0,0
genCounters[382].counter/Primitives,22,16,0,0
genCounters[383].counter/Primitives,22,16,0,0
genCounters[384].counter/Primitives,22,16,0,0
genCounters[385].counter/Primitives,22,16,0,0
genCounters[386].counter/Primitives,22,16,0,0
genCounters[387].counter/Primitives,22,16,0,0
genCounters[388].counter/Primitives,22,16,0,0
genCounters[389].counter/Primitives,22,16,0,0
genCounters[38].counter/Primitives,22,16,0,0
genCounters[390].counter/Primitives,17,16,0,0
genCounters[39].counter/Primitives,22,16,0,0
genCounters[3].counter/Primitives,22,16,0,0
genCounters[40].counter/Primitives,22,16,0,0
genCounters[41].counter/Primitives,22,16,0,0
genCounters[42].counter/Primitives,22,16,0,0
genCounters[43].counter/Primitives,22,16,0,0
genCounters[44].counter/Primitives,22,16,0,0
genCounters[45].counter/Primitives,22,16,0,0
genCounters[46].counter/Primitives,22,16,0,0
genCounters[47].counter/Primitives,22,16,0,0
genCounters[48].counter/Primitives,22,16,0,0
genCounters[49].counter/Primitives,22,16,0,0
genCounters[4].counter/Primitives,22,16,0,0
genCounters[50].counter/Primitives,22,16,0,0
genCounters[51].counter/Primitives,22,16,0,0
genCounters[52].counter/Primitives,22,16,0,0
genCounters[53].counter/Primitives,22,16,0,0
genCounters[54].counter/Primitives,22,16,0,0
genCounters[55].counter/Primitives,22,16,0,0
genCounters[56].counter/Primitives,22,16,0,0
genCounters[57].counter/Primitives,22,16,0,0
genCounters[58].counter/Primitives,22,16,0,0
genCounters[59].counter/Primitives,22,16,0,0
genCounters[5].counter/Primitives,22,16,0,0
genCounters[60].counter/Primitives,22,16,0,0
genCounters[61].counter/Primitives,22,16,0,0
genCounters[62].counter/Primitives,22,16,0,0
genCounters[63].counter/Primitives,22,16,0,0
genCounters[64].counter/Primitives,22,16,0,0
genCounters[65].counter/Primitives,22,16,0,0
genCounters[66].counter/Primitives,22,16,0,0
genCounters[67].counter/Primitives,22,16,0,0
genCounters[68].counter/Primitives,22,16,0,0
genCounters[69].counter/Primitives,22,16,0,0
genCounters[6].counter/Primitives,22,16,0,0
genCounters[70].counter/Primitives,22,16,0,0
genCounters[71].counter/Primitives,22,16,0,0
genCounters[72].counter/Primitives,22,16,0,0
genCounters[73].counter/Primitives,22,16,0,0
genCounters[74].counter/Primitives,22,16,0,0
genCounters[75].counter/Primitives,22,16,0,0
genCounters[76].counter/Primitives,22,16,0,0
genCounters[77].counter/Primitives,22,16,0,0
genCounters[78].counter/Primitives,22,16,0,0
genCounters[79].counter/Primitives,22,16,0,0
genCounters[7].counter/Primitives,22,16,0,0
genCounters[80].counter/Primitives,22,16,0,0
genCounters[81].counter/Primitives,22,16,0,0
genCounters[82].counter/Primitives,22,16,0,0
genCounters[83].counter/Primitives,22,16,0,0
genCounters[84].counter/Primitives,22,16,0,0
genCounters[85].counter/Primitives,22,16,0,0
genCounters[86].counter/Primitives,22,16,0,0
genCounters[87].counter/Primitives,22,16,0,0
genCounters[88].counter/Primitives,22,16,0,0
genCounters[89].counter/Primitives,22,16,0,0
genCounters[8].counter/Primitives,22,16,0,0
genCounters[90].counter/Primitives,22,16,0,0
genCounters[91].counter/Primitives,22,16,0,0
genCounters[92].counter/Primitives,22,16,0,0
genCounters[93].counter/Primitives,22,16,0,0
genCounters[94].counter/Primitives,22,16,0,0
genCounters[95].counter/Primitives,22,16,0,0
genCounters[96].counter/Primitives,22,16,0,0
genCounters[97].counter/Primitives,22,16,0,0
genCounters[98].counter/Primitives,22,16,0,0
genCounters[99].counter/Primitives,22,16,0,0
genCounters[9].counter/Primitives,22,16,0,0
