<?xml version="1.0" encoding="UTF-8" standalone="no" ?>
<?xml-stylesheet href="rptstyle.xsl" type="text/xsl" ?>
<doc>
<title>Global Net Report</title>
<text>Microsemi Corporation - Microsemi Libero Software Release v12.6 (Version 12.900.20.24)</text>
<text>Date: Sun Oct 29 14:47:46 2023
</text>
<section>
<name>Global Nets Information</name>
<table>
<header>
 <cell/>
 <cell> From </cell>
 <cell> GB Location </cell>
 <cell> Net Name </cell>
 <cell> Fanout </cell>
</header>
<row>
 <cell>1</cell>
 <cell>GB[1] </cell>
 <cell>(219, 54)</cell>
 <cell>reset_ibuf_RNI8255/U0_YNn</cell>
 <cell>6256</cell>
</row>
<row>
 <cell>2</cell>
 <cell>GB[7] </cell>
 <cell>(225, 54)</cell>
 <cell>clk_keep_RNIUPR4/U0_YNn</cell>
 <cell>6256</cell>
</row>
</table>
<text></text>
</section>
<section>
<name>I/O to GB Connections</name>
<table>
<header>
 <cell/>
 <cell> Port Name </cell>
 <cell> Pin Number </cell>
 <cell> I/O Function </cell>
 <cell> From </cell>
 <cell> From Location </cell>
 <cell> To </cell>
 <cell> Net Name </cell>
 <cell> Net Type </cell>
 <cell> Fanout </cell>
</header>
<row>
 <cell>1</cell>
 <cell>reset</cell>
 <cell>20</cell>
 <cell>MSIO79PB7/GB1</cell>
 <cell>reset_ibuf/U0/U_IOPAD:Y</cell>
 <cell>(0, 64)</cell>
 <cell>GB[1] </cell>
 <cell>reset_ibuf_Z</cell>
 <cell>HARDWIRED</cell>
 <cell>2</cell>
</row>
<row>
 <cell>2</cell>
 <cell>clk</cell>
 <cell>48</cell>
 <cell>MSIO104NB4/GB7</cell>
 <cell>clk_ibuf/U0/U_IOPAD:Y</cell>
 <cell>(261, 1)</cell>
 <cell>GB[7] </cell>
 <cell>clk_1</cell>
 <cell>HARDWIRED</cell>
 <cell>2</cell>
</row>
</table>
<text></text>
</section>
<section>
<name>Fabric to GB Connections</name>
<text>(none)</text>
</section>
<section>
<name>CCC to GB Connections</name>
<text>(none)</text>
</section>
<section>
<name>CCC Input Connections</name>
<text>(none)</text>
</section>
<section>
<name>Local Nets to RGB Connections</name>
<text>(none)</text>
</section>
<section>
<name>Global Nets to RGB Connections</name>
<table>
<header>
 <cell/>
 <cell> From </cell>
 <cell> From Location </cell>
 <cell> Net Name </cell>
 <cell> Fanout </cell>
 <cell> </cell>
 <cell> RGB Location </cell>
 <cell> Local Fanout </cell>
</header>
<row>
 <cell>1</cell>
 <cell>GB[1] </cell>
 <cell>(219, 54)</cell>
 <cell>reset_ibuf_RNI8255/U0_YNn</cell>
 <cell>6256</cell>
 <cell>1</cell>
 <cell>(218, 57)</cell>
 <cell>255</cell>
</row>
<row>
 <cell> </cell>
 <cell></cell>
 <cell></cell>
 <cell></cell>
 <cell></cell>
 <cell>2</cell>
 <cell>(218, 60)</cell>
 <cell>242</cell>
</row>
<row>
 <cell> </cell>
 <cell></cell>
 <cell></cell>
 <cell></cell>
 <cell></cell>
 <cell>3</cell>
 <cell>(218, 63)</cell>
 <cell>240</cell>
</row>
<row>
 <cell> </cell>
 <cell></cell>
 <cell></cell>
 <cell></cell>
 <cell></cell>
 <cell>4</cell>
 <cell>(218, 69)</cell>
 <cell>240</cell>
</row>
<row>
 <cell> </cell>
 <cell></cell>
 <cell></cell>
 <cell></cell>
 <cell></cell>
 <cell>5</cell>
 <cell>(218, 72)</cell>
 <cell>241</cell>
</row>
<row>
 <cell> </cell>
 <cell></cell>
 <cell></cell>
 <cell></cell>
 <cell></cell>
 <cell>6</cell>
 <cell>(218, 75)</cell>
 <cell>239</cell>
</row>
<row>
 <cell> </cell>
 <cell></cell>
 <cell></cell>
 <cell></cell>
 <cell></cell>
 <cell>7</cell>
 <cell>(218, 81)</cell>
 <cell>240</cell>
</row>
<row>
 <cell> </cell>
 <cell></cell>
 <cell></cell>
 <cell></cell>
 <cell></cell>
 <cell>8</cell>
 <cell>(218, 84)</cell>
 <cell>241</cell>
</row>
<row>
 <cell> </cell>
 <cell></cell>
 <cell></cell>
 <cell></cell>
 <cell></cell>
 <cell>9</cell>
 <cell>(218, 87)</cell>
 <cell>240</cell>
</row>
<row>
 <cell> </cell>
 <cell></cell>
 <cell></cell>
 <cell></cell>
 <cell></cell>
 <cell>10</cell>
 <cell>(218, 93)</cell>
 <cell>241</cell>
</row>
<row>
 <cell> </cell>
 <cell></cell>
 <cell></cell>
 <cell></cell>
 <cell></cell>
 <cell>11</cell>
 <cell>(218, 96)</cell>
 <cell>242</cell>
</row>
<row>
 <cell> </cell>
 <cell></cell>
 <cell></cell>
 <cell></cell>
 <cell></cell>
 <cell>12</cell>
 <cell>(218, 99)</cell>
 <cell>236</cell>
</row>
<row>
 <cell>2</cell>
 <cell>GB[7] </cell>
 <cell>(225, 54)</cell>
 <cell>clk_keep_RNIUPR4/U0_YNn</cell>
 <cell>6256</cell>
 <cell>1</cell>
 <cell>(219, 57)</cell>
 <cell>255</cell>
</row>
<row>
 <cell> </cell>
 <cell></cell>
 <cell></cell>
 <cell></cell>
 <cell></cell>
 <cell>2</cell>
 <cell>(219, 60)</cell>
 <cell>242</cell>
</row>
<row>
 <cell> </cell>
 <cell></cell>
 <cell></cell>
 <cell></cell>
 <cell></cell>
 <cell>3</cell>
 <cell>(219, 63)</cell>
 <cell>240</cell>
</row>
<row>
 <cell> </cell>
 <cell></cell>
 <cell></cell>
 <cell></cell>
 <cell></cell>
 <cell>4</cell>
 <cell>(219, 69)</cell>
 <cell>240</cell>
</row>
<row>
 <cell> </cell>
 <cell></cell>
 <cell></cell>
 <cell></cell>
 <cell></cell>
 <cell>5</cell>
 <cell>(219, 72)</cell>
 <cell>241</cell>
</row>
<row>
 <cell> </cell>
 <cell></cell>
 <cell></cell>
 <cell></cell>
 <cell></cell>
 <cell>6</cell>
 <cell>(219, 75)</cell>
 <cell>239</cell>
</row>
<row>
 <cell> </cell>
 <cell></cell>
 <cell></cell>
 <cell></cell>
 <cell></cell>
 <cell>7</cell>
 <cell>(219, 81)</cell>
 <cell>240</cell>
</row>
<row>
 <cell> </cell>
 <cell></cell>
 <cell></cell>
 <cell></cell>
 <cell></cell>
 <cell>8</cell>
 <cell>(219, 84)</cell>
 <cell>241</cell>
</row>
<row>
 <cell> </cell>
 <cell></cell>
 <cell></cell>
 <cell></cell>
 <cell></cell>
 <cell>9</cell>
 <cell>(219, 87)</cell>
 <cell>240</cell>
</row>
<row>
 <cell> </cell>
 <cell></cell>
 <cell></cell>
 <cell></cell>
 <cell></cell>
 <cell>10</cell>
 <cell>(219, 93)</cell>
 <cell>241</cell>
</row>
<row>
 <cell> </cell>
 <cell></cell>
 <cell></cell>
 <cell></cell>
 <cell></cell>
 <cell>11</cell>
 <cell>(219, 96)</cell>
 <cell>242</cell>
</row>
<row>
 <cell> </cell>
 <cell></cell>
 <cell></cell>
 <cell></cell>
 <cell></cell>
 <cell>12</cell>
 <cell>(219, 99)</cell>
 <cell>236</cell>
</row>
</table>
<text></text>
</section>
</doc>
